Negative keyword report					
[bitdefender antivirus free]	Keyword	EN - Competitors	SentinelOne	Ad group	Exact match
[bitdefender free antivirus]	Keyword	EN - Competitors	SentinelOne	Ad group	Exact match
[xdr]	Keyword	EN - Competitors	Trellix	Ad group	Exact match
[fortinet]	Keyword	EN - Competitors	Crowdstrike	Ad group	Exact match
[fortinet firewall]	Keyword	EN - Competitors	Crowdstrike	Ad group	Exact match
[fortinet firewall price]	Keyword	EN - Competitors	Crowdstrike	Ad group	Exact match
[fortinet download]	Keyword	EN - Competitors	Crowdstrike	Ad group	Exact match
[fortra]	Keyword	EN - Competitors	Crowdstrike	Ad group	Exact match
[fortiguard labs]	Keyword	EN - Competitors	Crowdstrike	Ad group	Exact match
[software defined perimeter vendors]	Keyword	EN - Competitors	Crowdstrike	Ad group	Exact match
[fortigate 60f]	Keyword	EN - Competitors	Crowdstrike	Ad group	Exact match
[hashicorp vault alternatives open source]	Keyword	EN - Competitors	Crowdstrike	Ad group	Exact match
[fortinet extension]	Keyword	EN - Competitors	Crowdstrike	Ad group	Exact match
[harmony mobile price]	Keyword	EN - Competitors	Crowdstrike	Ad group	Exact match
[kaspersky antivirus free]	Keyword	EN - Competitors	Kaspersky	Ad group	Exact match
[kaspersky gratis]	Keyword	EN - Competitors	Kaspersky	Ad group	Exact match
[kaspersky free]	Keyword	EN - Competitors	Kaspersky	Ad group	Exact match
[kaspersky antivirus for free]	Keyword	EN - Competitors	Kaspersky	Ad group	Exact match
[انتي فايروس كاسبر سكاي]	Keyword	EN - Competitors	Kaspersky	Ad group	Exact match
[антивирус касперского]	Keyword	EN - Competitors	Kaspersky	Ad group	Exact match
[password kaspersky]	Keyword	EN - Competitors	Kaspersky	Ad group	Exact match
[скачать антивирус касперского]	Keyword	EN - Competitors	Kaspersky	Ad group	Exact match
[kaspersky activation code free]	Keyword	EN - Competitors	Kaspersky	Ad group	Exact match
[kaspersky security center version]	Keyword	EN - Competitors	Kaspersky	Ad group	Exact match
[kaspersky ücretsiz indir]	Keyword	EN - Competitors	Kaspersky	Ad group	Exact match
[kaspersky premium activation code]	Keyword	EN - Competitors	Kaspersky	Ad group	Exact match
[telecharger kaspersky version d essai gratuit]	Keyword	EN - Competitors	Kaspersky	Ad group	Exact match
[تحميل برنامج kaspersky anti virus مجانا]	Keyword	EN - Competitors	Kaspersky	Ad group	Exact match
[купить антивирус касперского]	Keyword	EN - Competitors	Kaspersky	Ad group	Exact match
[kaspersky security cloud free]	Keyword	EN - Competitors	Kaspersky	Ad group	Exact match
[كاسبر vpn]	Keyword	EN - Competitors	Kaspersky	Ad group	Exact match
[كاسبرسكي لاب]	Keyword	EN - Competitors	Kaspersky	Ad group	Exact match
[касперский цены]	Keyword	EN - Competitors	Kaspersky	Ad group	Exact match
[كاسبر سكاي مجاني]	Keyword	EN - Competitors	Kaspersky	Ad group	Exact match
[卡 斯 巴 基]	Keyword	EN - Competitors	Kaspersky	Ad group	Exact match
[卡巴 基 斯]	Keyword	EN - Competitors	Kaspersky	Ad group	Exact match
[télécharger antivirus kaspersky gratuit 1 ans]	Keyword	EN - Competitors	Kaspersky	Ad group	Exact match
[касперский антивирус онлайн]	Keyword	EN - Competitors	Kaspersky	Ad group	Exact match
[сервер касперского]	Keyword	EN - Competitors	Kaspersky	Ad group	Exact match
[kaspersky free antivirus for pc offline installer]	Keyword	EN - Competitors	Kaspersky	Ad group	Exact match
[kaspersky key activation code free]	Keyword	EN - Competitors	Kaspersky	Ad group	Exact match
[ksc kaspersky]	Keyword	EN - Competitors	Kaspersky	Ad group	Exact match
[скачать фри касперский]	Keyword	EN - Competitors	Kaspersky	Ad group	Exact match
[kaspersky security center administration server]	Keyword	EN - Competitors	Kaspersky	Ad group	Exact match
[سعر كاسبر سكاي انترنت سكيورتي]	Keyword	EN - Competitors	Kaspersky	Ad group	Exact match
[كود تفعيل كاسبر سكاي]	Keyword	EN - Competitors	Kaspersky	Ad group	Exact match
[كاسبرسكي توتال سكيورتي]	Keyword	EN - Competitors	Kaspersky	Ad group	Exact match
[kaspersky security center 14]	Keyword	EN - Competitors	Kaspersky	Ad group	Exact match
[kaspersky tweak assistant]	Keyword	EN - Competitors	Kaspersky	Ad group	Exact match
[kvrt free download]	Keyword	EN - Competitors	Kaspersky	Ad group	Exact match
[تحميل كاسبر سكاي 2023 مع التفعيل]	Keyword	EN - Competitors	Kaspersky	Ad group	Exact match
[касперский проверить на вирусы онлайн]	Keyword	EN - Competitors	Kaspersky	Ad group	Exact match
[卡巴 斯 基 下载]	Keyword	EN - Competitors	Kaspersky	Ad group	Exact match
[kaspersky standard offline installer]	Keyword	EN - Competitors	Kaspersky	Ad group	Exact match
[تحميل كاسبر سكاي 2024 مع التفعيل]	Keyword	EN - Competitors	Kaspersky	Ad group	Exact match
[data center]	Keyword	DE-BSI	EDR	Ad group	Exact match
[cisco]	Keyword	DE-BSI	EDR	Ad group	Exact match
[single sign on]	Keyword	DE-BSI	EDR	Ad group	Exact match
[aws]	Keyword	DE-BSI	EDR	Ad group	Exact match
[server]	Keyword	DE-BSI	EDR	Ad group	Exact match
[password encryption]	Keyword	DE-BSI	EDR	Ad group	Exact match
[cryptography]	Keyword	DE-BSI	EDR	Ad group	Exact match
[antivirus gratis]	Keyword	DE-BSI	EDR	Ad group	Exact match
[active directory]	Keyword	DE-BSI	EDR	Ad group	Exact match
[antivirus free download]	Keyword	DE-BSI	EDR	Ad group	Exact match
[meltdown]	Keyword	DE-BSI	EDR	Ad group	Exact match
[windows server]	Keyword	DE-BSI	EDR	Ad group	Exact match
[broadcom]	Keyword	DE-BSI	EDR	Ad group	Exact match
[virus scanner online]	Keyword	DE-BSI	EDR	Ad group	Exact match
[viren scanner]	Keyword	DE-BSI	EDR	Ad group	Exact match
[iam]	Keyword	DE-BSI	EDR	Ad group	Exact match
[virus test]	Keyword	DE-BSI	EDR	Ad group	Exact match
[avg]	Keyword	DE-BSI	EDR	Ad group	Exact match
[virenscanner]	Keyword	DE-BSI	EDR	Ad group	Exact match
[free virus removal]	Keyword	DE-BSI	EDR	Ad group	Exact match
[viren scan]	Keyword	DE-BSI	EDR	Ad group	Exact match
[400f]	Keyword	DE-BSI	EDR	Ad group	Exact match
[acronis backup]	Keyword	DE-BSI	EDR	Ad group	Exact match
[digital forensics]	Keyword	DE-BSI	EDR	Ad group	Exact match
[firewall rules]	Keyword	DE-BSI	EDR	Ad group	Exact match
[pegasus software]	Keyword	DE-BSI	EDR	Ad group	Exact match
[darz]	Keyword	DE-BSI	EDR	Ad group	Exact match
[key vault]	Keyword	DE-BSI	EDR	Ad group	Exact match
[spear phishing]	Keyword	DE-BSI	EDR	Ad group	Exact match
[online virenscanner]	Keyword	DE-BSI	EDR	Ad group	Exact match
[windows defender download]	Keyword	DE-BSI	EDR	Ad group	Exact match
[amazon aws]	Keyword	DE-BSI	EDR	Ad group	Exact match
[dr web cureit]	Keyword	DE-BSI	EDR	Ad group	Exact match
[anti malware free]	Keyword	DE-BSI	EDR	Ad group	Exact match
[cyber security programs]	Keyword	DE-BSI	EDR	Ad group	Exact match
[cyber security course]	Keyword	DE-BSI	EDR	Ad group	Exact match
[norton 360 download]	Keyword	DE-BSI	EDR	Ad group	Exact match
[managed service provider]	Keyword	DE-BSI	EDR	Ad group	Exact match
[checkpoint]	Keyword	DE-BSI	EDR	Ad group	Exact match
[virtualization]	Keyword	DE-BSI	EDR	Ad group	Exact match
[burp]	Keyword	DE-BSI	EDR	Ad group	Exact match
[cacti]	Keyword	DE-BSI	EDR	Ad group	Exact match
[encrypting]	Keyword	DE-BSI	EDR	Ad group	Exact match
[palo alto]	Keyword	DE-BSI	EDR	Ad group	Exact match
[pcg]	Keyword	DE-BSI	EDR	Ad group	Exact match
[computer virus]	Keyword	DE-BSI	EDR	Ad group	Exact match
[check virus]	Keyword	DE-BSI	EDR	Ad group	Exact match
[email virus scanner]	Keyword	DE-BSI	EDR	Ad group	Exact match
[hornet]	Keyword	DE-BSI	EDR	Ad group	Exact match
[virus checker]	Keyword	DE-BSI	EDR	Ad group	Exact match
[it security training]	Keyword	DE-BSI	EDR	Ad group	Exact match
[clerk]	Keyword	DE-BSI	EDR	Ad group	Exact match
[anti virus gratuit]	Keyword	DE-BSI	EDR	Ad group	Exact match
[shi]	Keyword	DE-BSI	EDR	Ad group	Exact match
[service oriented architecture]	Keyword	DE-BSI	EDR	Ad group	Exact match
[avg antivirus free]	Keyword	DE-BSI	EDR	Ad group	Exact match
[www norton com]	Keyword	DE-BSI	EDR	Ad group	Exact match
[red team]	Keyword	DE-BSI	EDR	Ad group	Exact match
[gratis virenschutz]	Keyword	DE-BSI	EDR	Ad group	Exact match
[fortinet]	Keyword	DE-BSI	EDR	Ad group	Exact match
[antivirus kostenlos]	Keyword	DE-BSI	EDR	Ad group	Exact match
[bitdefender free]	Keyword	DE-BSI	EDR	Ad group	Exact match
[virus removal free]	Keyword	DE-BSI	EDR	Ad group	Exact match
[best free antivirus]	Keyword	DE-BSI	EDR	Ad group	Exact match
[kostenlose antivirenprogramme]	Keyword	DE-BSI	EDR	Ad group	Exact match
[virenscanner online]	Keyword	DE-BSI	EDR	Ad group	Exact match
[how to remove a virus from your pc]	Keyword	DE-BSI	EDR	Ad group	Exact match
[file virus scan]	Keyword	DE-BSI	EDR	Ad group	Exact match
[hacking course]	Keyword	DE-BSI	EDR	Ad group	Exact match
[botnet]	Keyword	DE-BSI	EDR	Ad group	Exact match
[zero day exploit]	Keyword	DE-BSI	EDR	Ad group	Exact match
[enterprise password management software]	Keyword	DE-BSI	EDR	Ad group	Exact match
[4tress]	Keyword	DE-BSI	EDR	Ad group	Exact match
[kostenloses antivirus programm]	Keyword	DE-BSI	EDR	Ad group	Exact match
[avira free]	Keyword	DE-BSI	EDR	Ad group	Exact match
[cisco antivirus]	Keyword	DE-BSI	EDR	Ad group	Exact match
[www kaspersky com tr downloads internet security free trial]	Keyword	EN - Competitors	Kaspersky	Ad group	Exact match
[kaspersky activation code free 2025]	Keyword	EN - Competitors	Kaspersky	Ad group	Exact match
[اشتراك كاسبر سكاي بريميوم]	Keyword	EN - Competitors	Kaspersky	Ad group	Exact match
[كيفية ايقاف كاسبر سكاي]	Keyword	EN - Competitors	Kaspersky	Ad group	Exact match
[موقع مفاتيح كاسبر متجدد يوميا 2025]	Keyword	EN - Competitors	Kaspersky	Ad group	Exact match
[كيفية تثبيت انتي فايروس كاسبر]	Keyword	EN - Competitors	Kaspersky	Ad group	Exact match
[اريد كاسبر]	Keyword	EN - Competitors	Kaspersky	Ad group	Exact match
[استعراض كاسبر]	Keyword	EN - Competitors	Kaspersky	Ad group	Exact match
[تحميل برنامج كاسبر سكاي انتي فايروس للكمبيوتر]	Keyword	EN - Competitors	Kaspersky	Ad group	Exact match
[kaspersky antivirus free download for	Keyword	EN - Competitors	Kaspersky	Ad group	Broad match
[kis plus plus]	Keyword	EN - Competitors	Kaspersky	Ad group	Exact match
[касперски проверка на вирусы]	Keyword	EN - Competitors	Kaspersky	Ad group	Exact match
[opera kaspersky extension]	Keyword	EN - Competitors	Kaspersky	Ad group	Exact match
[kaspersky security center administration console]	Keyword	EN - Competitors	Kaspersky	Ad group	Exact match
[kaspersky x ff event redemption code]	Keyword	EN - Competitors	Kaspersky	Ad group	Exact match
[sophos firewall شرح]	Keyword	EN - Competitors	SentinelOne	Ad group	Exact match
[sentinelone documentation pdf]	Keyword	EN - Competitors	SentinelOne	Ad group	Exact match
[how to connect sophos vpn in windows]	Keyword	EN - Competitors	SentinelOne	Ad group	Exact match
[센티넬 원]	Keyword	EN - Competitors	SentinelOne	Ad group	Exact match
[avira antivirus kostenlos]	Keyword	DE-BSI	EDR	Ad group	Exact match
[how to delete a virus from your computer]	Keyword	DE-BSI	EDR	Ad group	Exact match
[cloud management]	Keyword	DE-BSI	EDR	Ad group	Exact match
[cyber security courses online]	Keyword	DE-BSI	EDR	Ad group	Exact match
[how to remove virus from laptop]	Keyword	DE-BSI	EDR	Ad group	Exact match
[cloud computing sites]	Keyword	DE-BSI	EDR	Ad group	Exact match
[cloud based services]	Keyword	DE-BSI	EDR	Ad group	Exact match
[cloud computing explained]	Keyword	DE-BSI	EDR	Ad group	Exact match
[ibm cloud]	Keyword	DE-BSI	EDR	Ad group	Exact match
[managed cloud server]	Keyword	DE-BSI	EDR	Ad group	Exact match
[what is microsoft azure]	Keyword	DE-BSI	EDR	Ad group	Exact match
[cloud migration services]	Keyword	DE-BSI	EDR	Ad group	Exact match
[popular cloud computing services]	Keyword	DE-BSI	EDR	Ad group	Exact match
[azure active directory]	Keyword	DE-BSI	EDR	Ad group	Exact match
[business cloud solution]	Keyword	DE-BSI	EDR	Ad group	Exact match
[cloud devops]	Keyword	DE-BSI	EDR	Ad group	Exact match
[website safety checker]	Keyword	DE-BSI	EDR	Ad group	Exact match
[devsecops]	Keyword	DE-BSI	EDR	Ad group	Exact match
[norton setup com]	Keyword	DE-BSI	EDR	Ad group	Exact match
[managed mobility services]	Keyword	DE-BSI	EDR	Ad group	Exact match
[cloud solutions for businesses]	Keyword	DE-BSI	EDR	Ad group	Exact match
[azzure]	Keyword	DE-BSI	EDR	Ad group	Exact match
[4658]	Keyword	DE-BSI	EDR	Ad group	Exact match
[digital transformation cloud]	Keyword	DE-BSI	EDR	Ad group	Exact match
[cybercrime]	Keyword	DE-BSI	EDR	Ad group	Exact match
[cloud business services]	Keyword	DE-BSI	EDR	Ad group	Exact match
[website check virus]	Keyword	DE-BSI	EDR	Ad group	Exact match
[zero day]	Keyword	DE-BSI	EDR	Ad group	Exact match
[aws cloud computing]	Keyword	DE-BSI	EDR	Ad group	Exact match
[avira free download]	Keyword	DE-BSI	EDR	Ad group	Exact match
[aws server]	Keyword	DE-BSI	EDR	Ad group	Exact match
[aws ecs]	Keyword	DE-BSI	EDR	Ad group	Exact match
[cylus]	Keyword	DE-BSI	EDR	Ad group	Exact match
[brainworks]	Keyword	DE-BSI	EDR	Ad group	Exact match
[shodan]	Keyword	DE-BSI	EDR	Ad group	Exact match
[open source intelligence]	Keyword	DE-BSI	EDR	Ad group	Exact match
[check links for virus]	Keyword	DE-BSI	EDR	Ad group	Exact match
[セキュリティ 対策]	Keyword	DE-BSI	EDR	Ad group	Exact match
[picus]	Keyword	DE-BSI	EDR	Ad group	Exact match
[corporate password management software]	Keyword	DE-BSI	EDR	Ad group	Exact match
[cybersecurity videos]	Keyword	DE-BSI	EDR	Ad group	Exact match
[microsoft cloud provider]	Keyword	DE-BSI	EDR	Ad group	Exact match
[mend]	Keyword	DE-BSI	EDR	Ad group	Exact match
[shibboleth]	Keyword	DE-BSI	EDR	Ad group	Exact match
[cisko]	Keyword	DE-BSI	EDR	Ad group	Exact match
[information gathering]	Keyword	DE-BSI	EDR	Ad group	Exact match
[azure local cloud]	Keyword	DE-BSI	EDR	Ad group	Exact match
[pci compliant web hosting]	Keyword	DE-BSI	EDR	Ad group	Exact match
[gartner hybrid cloud]	Keyword	DE-BSI	EDR	Ad group	Exact match
[aws cloud server]	Keyword	DE-BSI	EDR	Ad group	Exact match
[компьютерные вирусы]	Keyword	DE-BSI	EDR	Ad group	Exact match
[cyber consulting]	Keyword	DE-BSI	EDR	Ad group	Exact match
[different cloud technologies]	Keyword	DE-BSI	EDR	Ad group	Exact match
[best cloud service provider]	Keyword	DE-BSI	EDR	Ad group	Exact match
[aws route 53]	Keyword	DE-BSI	EDR	Ad group	Exact match
[link checker virus]	Keyword	DE-BSI	EDR	Ad group	Exact match
[free antivirus macbook]	Keyword	DE-BSI	EDR	Ad group	Exact match
[malwarebytes serial key]	Keyword	DE-BSI	EDR	Ad group	Exact match
[devops openshift]	Keyword	DE-BSI	EDR	Ad group	Exact match
[cyber security consultancy]	Keyword	DE-BSI	EDR	Ad group	Exact match
[bester virenschutz kostenlos]	Keyword	DE-BSI	EDR	Ad group	Exact match
[kostenloser virenscanner]	Keyword	DE-BSI	EDR	Ad group	Exact match
[cloud iaas paas]	Keyword	DE-BSI	EDR	Ad group	Exact match
[cybersecurity for beginners]	Keyword	DE-BSI	EDR	Ad group	Exact match
[cybersecurity training free]	Keyword	DE-BSI	EDR	Ad group	Exact match
[sikker]	Keyword	DE-BSI	EDR	Ad group	Exact match
[aws well architected framework]	Keyword	DE-BSI	EDR	Ad group	Exact match
[virus download free]	Keyword	DE-BSI	EDR	Ad group	Exact match
[cybersecurity bootcamp]	Keyword	DE-BSI	EDR	Ad group	Exact match
[aws govcloud]	Keyword	DE-BSI	EDR	Ad group	Exact match
[free ddos attack online]	Keyword	DE-BSI	EDR	Ad group	Exact match
[ping id]	Keyword	DE-BSI	EDR	Ad group	Exact match
[viren test]	Keyword	DE-BSI	EDR	Ad group	Exact match
[cyber mentor]	Keyword	DE-BSI	EDR	Ad group	Exact match
[ninja rmm pricing]	Keyword	DE-BSI	EDR	Ad group	Exact match
[openvas alternative]	Keyword	DE-BSI	EDR	Ad group	Exact match
[azure rmm]	Keyword	DE-BSI	EDR	Ad group	Exact match
[server verwalten]	Keyword	DE-BSI	EDR	Ad group	Exact match
[cloud based technology examples]	Keyword	DE-BSI	EDR	Ad group	Exact match
[kostenloses antivirenprogramm für pc]	Keyword	DE-BSI	EDR	Ad group	Exact match
[saas cloud hosting]	Keyword	DE-BSI	EDR	Ad group	Exact match
[nessus tutorial]	Keyword	DE-BSI	EDR	Ad group	Exact match
[application integration services]	Keyword	DE-BSI	EDR	Ad group	Exact match
[managed cloud provider]	Keyword	DE-BSI	EDR	Ad group	Exact match
[الأمن السيبراني]	Keyword	DE-BSI	EDR	Ad group	Exact match
[opnsense appliance]	Keyword	DE-BSI	EDR	Ad group	Exact match
[como instalar antivirus gratis no notebook]	Keyword	DE-BSI	EDR	Ad group	Exact match
[gratis virus downloaden]	Keyword	DE-BSI	EDR	Ad group	Exact match
[aws app services]	Keyword	DE-BSI	EDR	Ad group	Exact match
[avira rescue system]	Keyword	DE-BSI	EDR	Ad group	Exact match
[virus for pc free download]	Keyword	DE-BSI	EDR	Ad group	Exact match
[hp laptop antivirus free download]	Keyword	DE-BSI	EDR	Ad group	Exact match
[india cyber security]	Keyword	DE-BSI	EDR	Ad group	Exact match
[b3s]	Keyword	DE-BSI	EDR	Ad group	Exact match
[total av download]	Keyword	DE-BSI	EDR	Ad group	Exact match
[avira free security]	Keyword	DE-BSI	EDR	Ad group	Exact match
[bastillion]	Keyword	DE-BSI	EDR	Ad group	Exact match
[cloud fileserver]	Keyword	DE-BSI	EDR	Ad group	Exact match
[c2 generic a]	Keyword	DE-BSI	EDR	Ad group	Exact match
[check link safety]	Keyword	DE-BSI	EDR	Ad group	Exact match
[aws migration hub]	Keyword	DE-BSI	EDR	Ad group	Exact match
[how to remove virus from windows 10]	Keyword	DE-BSI	EDR	Ad group	Exact match
[symantec endpoint protection tutorial]	Keyword	DE-BSI	EDR	Ad group	Exact match
[ddos tool online]	Keyword	DE-BSI	EDR	Ad group	Exact match
[future of cyber security jobs]	Keyword	DE-BSI	EDR	Ad group	Exact match
[الامن السيبراني]	Keyword	DE-BSI	EDR	Ad group	Exact match
[data center and cloud services]	Keyword	DE-BSI	EDR	Ad group	Exact match
[daas virtual desktop]	Keyword	DE-BSI	EDR	Ad group	Exact match
[virustotal alternative]	Keyword	DE-BSI	EDR	Ad group	Exact match
[سایبر سکیوریتی]	Keyword	DE-BSI	EDR	Ad group	Exact match
[opnsense deutsch]	Keyword	DE-BSI	EDR	Ad group	Exact match
[pfsense vs opnsense]	Keyword	DE-BSI	EDR	Ad group	Exact match
[connectwise rmm pricing]	Keyword	DE-BSI	EDR	Ad group	Exact match
[how to clean virus from macbook pro]	Keyword	DE-BSI	EDR	Ad group	Exact match
[terraform azure]	Keyword	DE-BSI	EDR	Ad group	Exact match
[azola]	Keyword	DE-BSI	EDR	Ad group	Exact match
[re link]	Keyword	DE-BSI	EDR	Ad group	Exact match
[government cyber security course in india]	Keyword	DE-BSI	EDR	Ad group	Exact match
[cybernews]	Keyword	DE-BSI	EDR	Ad group	Exact match
[cloudflare tunnel]	Keyword	DE-BSI	EDR	Ad group	Exact match
[azure kubernetes service]	Keyword	DE-BSI	EDR	Ad group	Exact match
[ddi]	Keyword	DE-BSI	EDR	Ad group	Exact match
[oracle]	Keyword	DE-BSI	EDR	Ad group	Exact match
[cisco vpn]	Keyword	DE-BSI	EDR	Ad group	Exact match
[antivirus gratuit]	Keyword	DE-BSI	EDR	Ad group	Exact match
[virus scan]	Keyword	DE-BSI	EDR	Ad group	Exact match
[encryption]	Keyword	DE-BSI	EDR	Ad group	Exact match
[check for virus]	Keyword	DE-BSI	EDR	Ad group	Exact match
[virus computer]	Keyword	DE-BSI	EDR	Ad group	Exact match
[free anti virus program]	Keyword	DE-BSI	EDR	Ad group	Exact match
[lookout]	Keyword	DE-BSI	EDR	Ad group	Exact match
[one step beyond]	Keyword	DE-BSI	EDR	Ad group	Exact match
[online virus scan]	Keyword	DE-BSI	EDR	Ad group	Exact match
[azure]	Keyword	DE-BSI	EDR	Ad group	Exact match
[cloud]	Keyword	DE-BSI	EDR	Ad group	Exact match
[calico]	Keyword	DE-BSI	EDR	Ad group	Exact match
[enterprise hosting]	Keyword	DE-BSI	EDR	Ad group	Exact match
[ethical hacking]	Keyword	DE-BSI	EDR	Ad group	Exact match
[firepower]	Keyword	DE-BSI	EDR	Ad group	Exact match
[free malware removal]	Keyword	DE-BSI	EDR	Ad group	Exact match
[online virus scan free]	Keyword	DE-BSI	EDR	Ad group	Exact match
[how to remove virus from computer]	Keyword	DE-BSI	EDR	Ad group	Exact match
[online malware scanner]	Keyword	DE-BSI	EDR	Ad group	Exact match
[best antivirus free]	Keyword	DE-BSI	EDR	Ad group	Exact match
[ethical hacker]	Keyword	DE-BSI	EDR	Ad group	Exact match
[cybersecurity training]	Keyword	DE-BSI	EDR	Ad group	Exact match
[free antivirus scan online]	Keyword	DE-BSI	EDR	Ad group	Exact match
[server outsourcing]	Keyword	DE-BSI	EDR	Ad group	Exact match
[anti virus scanner free]	Keyword	DE-BSI	EDR	Ad group	Exact match
[virenscanner test]	Keyword	DE-BSI	EDR	Ad group	Exact match
[gratis virenscanner]	Keyword	DE-BSI	EDR	Ad group	Exact match
[viren entfernen kostenlos]	Keyword	DE-BSI	EDR	Ad group	Exact match
[антивирус]	Keyword	DE-BSI	EDR	Ad group	Exact match
[cloud technology]	Keyword	DE-BSI	EDR	Ad group	Exact match
[cloud data]	Keyword	DE-BSI	EDR	Ad group	Exact match
[cloud services]	Keyword	DE-BSI	EDR	Ad group	Exact match
[microsoft azure]	Keyword	DE-BSI	EDR	Ad group	Exact match
[malwarebytes download]	Keyword	DE-BSI	EDR	Ad group	Exact match
[gdata testversion]	Keyword	DE-BSI	EDR	Ad group	Exact match
[cloud based]	Keyword	DE-BSI	EDR	Ad group	Exact match
[en iyi antivirüs programı]	Keyword	DE-BSI	EDR	Ad group	Exact match
[cisco cloud computing]	Keyword	DE-BSI	EDR	Ad group	Exact match
[cyber security course online]	Keyword	DE-BSI	EDR	Ad group	Exact match
[website virus check]	Keyword	DE-BSI	EDR	Ad group	Exact match
[cloud it]	Keyword	DE-BSI	EDR	Ad group	Exact match
[cloud access control]	Keyword	DE-BSI	EDR	Ad group	Exact match
[антивирус скачать бесплатно]	Keyword	DE-BSI	EDR	Ad group	Exact match
[cloud data storage companies]	Keyword	DE-BSI	EDR	Ad group	Exact match
[aws backup]	Keyword	DE-BSI	EDR	Ad group	Exact match
[cloud computing für kleine unternehmen]	Keyword	DE-BSI	EDR	Ad group	Exact match
[microsoft azure cloud platform]	Keyword	DE-BSI	EDR	Ad group	Exact match
[https www norton com setup]	Keyword	DE-BSI	EDR	Ad group	Exact match
[teamviewer business]	Keyword	DE-BSI	EDR	Ad group	Exact match
[connectwise rmm]	Keyword	DE-BSI	EDR	Ad group	Exact match
[container orchestration]	Keyword	DE-BSI	EDR	Ad group	Exact match
[ethical hacking full course]	Keyword	DE-BSI	EDR	Ad group	Exact match
[microservices]	Keyword	DE-BSI	EDR	Ad group	Exact match
[best antivirus for windows 10 free]	Keyword	DE-BSI	EDR	Ad group	Exact match
[small business it needs]	Keyword	DE-BSI	EDR	Ad group	Exact match
[action 1]	Keyword	DE-BSI	EDR	Ad group	Exact match
[brightsight]	Keyword	DE-BSI	EDR	Ad group	Exact match
[dast]	Keyword	DE-BSI	EDR	Ad group	Exact match
[applocker]	Keyword	DE-BSI	EDR	Ad group	Exact match
[cloud business management software]	Keyword	DE-BSI	EDR	Ad group	Exact match
[kevin mitnick]	Keyword	DE-BSI	EDR	Ad group	Exact match
[mejor antivirus gratis]	Keyword	DE-BSI	EDR	Ad group	Exact match
[think about it]	Keyword	DE-BSI	EDR	Ad group	Exact match
[microsoft azure services]	Keyword	DE-BSI	EDR	Ad group	Exact match
[boxxe]	Keyword	DE-BSI	EDR	Ad group	Exact match
[snapshield]	Keyword	DE-BSI	EDR	Ad group	Exact match
[4674]	Keyword	DE-BSI	EDR	Ad group	Exact match
[how to study hacking]	Keyword	DE-BSI	EDR	Ad group	Exact match
[cyber security tutorial]	Keyword	DE-BSI	EDR	Ad group	Exact match
[also]	Keyword	DE-BSI	EDR	Ad group	Exact match
[microsoft cloud platform]	Keyword	DE-BSI	EDR	Ad group	Exact match
[aws cloud strategy]	Keyword	DE-BSI	EDR	Ad group	Exact match
[free enterprise security software]	Keyword	EN - Competitors	Trellix	Ad group	Exact match
[bitdefender free]	Keyword	EN - Competitors	SentinelOne	Ad group	Exact match
[bitdefender coupon code]	Keyword	EN - Competitors	SentinelOne	Ad group	Exact match
[bitdefender antivirus free edition]	Keyword	EN - Competitors	SentinelOne	Ad group	Exact match
[bitdefender free download]	Keyword	EN - Competitors	SentinelOne	Ad group	Exact match
[sophos login]	Keyword	EN - Competitors	SentinelOne	Ad group	Exact match
[سوفوس]	Keyword	EN - Competitors	SentinelOne	Ad group	Exact match
[edr]	Keyword	EN - Competitors	Trellix	Ad group	Exact match
[fortinet web filter]	Keyword	EN - Competitors	Crowdstrike	Ad group	Exact match
[free security tools]	Keyword	EN - Competitors	Crowdstrike	Ad group	Exact match
[free mdm for android]	Keyword	EN - Competitors	Crowdstrike	Ad group	Exact match
[gitguardian competitors]	Keyword	EN - Competitors	Crowdstrike	Ad group	Exact match
[wazuh pfsense integration]	Keyword	EN - Competitors	Crowdstrike	Ad group	Exact match
[kaspersky antivirus download]	Keyword	EN - Competitors	Kaspersky	Ad group	Exact match
[kaspersky internet security download]	Keyword	EN - Competitors	Kaspersky	Ad group	Exact match
[kaspersky free antivirus]	Keyword	EN - Competitors	Kaspersky	Ad group	Exact match
[kaspersky download free]	Keyword	EN - Competitors	Kaspersky	Ad group	Exact match
[kaspersky login]	Keyword	EN - Competitors	Kaspersky	Ad group	Exact match
[сколько стоит антивирус касперского]	Keyword	EN - Competitors	Kaspersky	Ad group	Exact match
[kaspersky promo code]	Keyword	EN - Competitors	Kaspersky	Ad group	Exact match
[касперский фри]	Keyword	EN - Competitors	Kaspersky	Ad group	Exact match
[антивирус касперского бесплатно]	Keyword	EN - Competitors	Kaspersky	Ad group	Exact match
[касперский антивирус]	Keyword	EN - Competitors	Kaspersky	Ad group	Exact match
[kaspersky free key]	Keyword	EN - Competitors	Kaspersky	Ad group	Exact match
[kaspersky key free]	Keyword	EN - Competitors	Kaspersky	Ad group	Exact match
[kaspersky скачать]	Keyword	EN - Competitors	Kaspersky	Ad group	Exact match
[telecharger kaspersky gratuit]	Keyword	EN - Competitors	Kaspersky	Ad group	Exact match
[ansible]	Keyword	DE-BSI	EDR	Ad group	Exact match
[owasp top 10]	Keyword	DE-BSI	EDR	Ad group	Exact match
[osint]	Keyword	DE-BSI	EDR	Ad group	Exact match
[virenscanner kostenlos]	Keyword	DE-BSI	EDR	Ad group	Exact match
[cloud computing implementation]	Keyword	DE-BSI	EDR	Ad group	Exact match
[cloud infrastruktur anbieter]	Keyword	DE-BSI	EDR	Ad group	Exact match
[virenschutz kostenlos]	Keyword	DE-BSI	EDR	Ad group	Exact match
[enterprise desktop management]	Keyword	DE-BSI	EDR	Ad group	Exact match
[aws devops]	Keyword	DE-BSI	EDR	Ad group	Exact match
[how to get a computer virus]	Keyword	DE-BSI	EDR	Ad group	Exact match
[cybersecurity news]	Keyword	DE-BSI	EDR	Ad group	Exact match
[cloud computing for]	Keyword	DE-BSI	EDR	Ad group	Exact match
[computer virus test]	Keyword	DE-BSI	EDR	Ad group	Exact match
[encryption algorithms]	Keyword	DE-BSI	EDR	Ad group	Exact match
[kostenloser virenschutz]	Keyword	DE-BSI	EDR	Ad group	Exact match
[kostenloses antivirenprogramm]	Keyword	DE-BSI	EDR	Ad group	Exact match
[malwarebytes license key free]	Keyword	DE-BSI	EDR	Ad group	Exact match
[check files for virus]	Keyword	DE-BSI	EDR	Ad group	Exact match
[website checker virus]	Keyword	DE-BSI	EDR	Ad group	Exact match
[how to protect my phone from hackers]	Keyword	DE-BSI	EDR	Ad group	Exact match
[aws cognito]	Keyword	DE-BSI	EDR	Ad group	Exact match
[open systems]	Keyword	DE-BSI	EDR	Ad group	Exact match
[aws explained]	Keyword	DE-BSI	EDR	Ad group	Exact match
[black dwarf]	Keyword	DE-BSI	EDR	Ad group	Exact match
[antivirus programme gratis]	Keyword	DE-BSI	EDR	Ad group	Exact match
[kostenloses anti virus programm]	Keyword	DE-BSI	EDR	Ad group	Exact match
[virenschutz kostenlos windows 10]	Keyword	DE-BSI	EDR	Ad group	Exact match
[byon]	Keyword	DE-BSI	EDR	Ad group	Exact match
[бесплатный хороший антивирус]	Keyword	DE-BSI	EDR	Ad group	Exact match
[aws overview]	Keyword	DE-BSI	EDR	Ad group	Exact match
[open source siem]	Keyword	DE-BSI	EDR	Ad group	Exact match
[windows hardening]	Keyword	DE-BSI	EDR	Ad group	Exact match
[pii]	Keyword	DE-BSI	EDR	Ad group	Exact match
[free cyber security]	Keyword	DE-BSI	EDR	Ad group	Exact match
[bestes antivirenprogramm kostenlos]	Keyword	DE-BSI	EDR	Ad group	Exact match
[aws and cloud computing]	Keyword	DE-BSI	EDR	Ad group	Exact match
[virus reiniger kostenlos]	Keyword	DE-BSI	EDR	Ad group	Exact match
[best operating system for hacking]	Keyword	DE-BSI	EDR	Ad group	Exact match
[cloud computing adoption]	Keyword	DE-BSI	EDR	Ad group	Exact match
[beste kostenlose virenprogramm]	Keyword	DE-BSI	EDR	Ad group	Exact match
[openstack network]	Keyword	DE-BSI	EDR	Ad group	Exact match
[password manager for teams]	Keyword	DE-BSI	EDR	Ad group	Exact match
[side channel]	Keyword	DE-BSI	EDR	Ad group	Exact match
[oracle cloud windows server]	Keyword	DE-BSI	EDR	Ad group	Exact match
[installing avast free antivirus]	Keyword	DE-BSI	EDR	Ad group	Exact match
[azure cloud service provider]	Keyword	DE-BSI	EDR	Ad group	Exact match
[cisco storage server]	Keyword	DE-BSI	EDR	Ad group	Exact match
[mcafee how to uninstall]	Keyword	DE-BSI	EDR	Ad group	Exact match
[access control list]	Keyword	DE-BSI	EDR	Ad group	Exact match
[3as]	Keyword	DE-BSI	EDR	Ad group	Exact match
[cybersecurity lawyer]	Keyword	DE-BSI	EDR	Ad group	Exact match
[hyperscale cloud providers]	Keyword	DE-BSI	EDR	Ad group	Exact match
[cybersecurity job]	Keyword	DE-BSI	EDR	Ad group	Exact match
[pax8]	Keyword	DE-BSI	EDR	Ad group	Exact match
[virtual computing platform]	Keyword	DE-BSI	EDR	Ad group	Exact match
[norton antivirus kostenlos]	Keyword	DE-BSI	EDR	Ad group	Exact match
[venafi certificate management]	Keyword	DE-BSI	EDR	Ad group	Exact match
[attacking network protocols pdf]	Keyword	DE-BSI	EDR	Ad group	Exact match
[free cybersecurity course]	Keyword	DE-BSI	EDR	Ad group	Exact match
[cloud computing for enterprises]	Keyword	DE-BSI	EDR	Ad group	Exact match
[cisco zone based firewall]	Keyword	DE-BSI	EDR	Ad group	Exact match
[live threat map]	Keyword	DE-BSI	EDR	Ad group	Exact match
[antivirenprogramm kostenlos pc]	Keyword	DE-BSI	EDR	Ad group	Exact match
[viren entfernen windows 10]	Keyword	DE-BSI	EDR	Ad group	Exact match
[how to clean virus from iphone]	Keyword	DE-BSI	EDR	Ad group	Exact match
[azure identity protection]	Keyword	DE-BSI	EDR	Ad group	Exact match
[antivirus für linux kostenlos]	Keyword	DE-BSI	EDR	Ad group	Exact match
[kostenlos virus entfernen]	Keyword	DE-BSI	EDR	Ad group	Exact match
[best cybersecurity books]	Keyword	DE-BSI	EDR	Ad group	Exact match
[bester malware scanner kostenlos]	Keyword	DE-BSI	EDR	Ad group	Exact match
[opensource monitoring]	Keyword	DE-BSI	EDR	Ad group	Exact match
[emsisoft anti malware kostenlos]	Keyword	DE-BSI	EDR	Ad group	Exact match
[internet sicherheits test]	Keyword	DE-BSI	EDR	Ad group	Exact match
[file virus check]	Keyword	DE-BSI	EDR	Ad group	Exact match
[virus file checker]	Keyword	DE-BSI	EDR	Ad group	Exact match
[caido]	Keyword	DE-BSI	EDR	Ad group	Exact match
[aws cloudhsm]	Keyword	DE-BSI	EDR	Ad group	Exact match
[medical device security best practices]	Keyword	DE-BSI	EDR	Ad group	Exact match
[virus website checker]	Keyword	DE-BSI	EDR	Ad group	Exact match
[cloud capabilities]	Keyword	DE-BSI	EDR	Ad group	Exact match
[cybersecurity master's degree]	Keyword	DE-BSI	EDR	Ad group	Exact match
[microsoft azure cloud computing platform]	Keyword	DE-BSI	EDR	Ad group	Exact match
[paas lösungen]	Keyword	DE-BSI	EDR	Ad group	Exact match
[virtualization architecture in cloud computing]	Keyword	DE-BSI	EDR	Ad group	Exact match
[multi cloud hosting]	Keyword	DE-BSI	EDR	Ad group	Exact match
[cloud based rmm]	Keyword	DE-BSI	EDR	Ad group	Exact match
[how to download malwarebytes]	Keyword	DE-BSI	EDR	Ad group	Exact match
[how to stop a virus on your computer]	Keyword	DE-BSI	EDR	Ad group	Exact match
[ddosen]	Keyword	DE-BSI	EDR	Ad group	Exact match
[in cloud computing what is cloud]	Keyword	DE-BSI	EDR	Ad group	Exact match
[link tester virus]	Keyword	DE-BSI	EDR	Ad group	Exact match
[citrix wem]	Keyword	DE-BSI	EDR	Ad group	Exact match
[bitlocker alternative]	Keyword	DE-BSI	EDR	Ad group	Exact match
[pfsense iso]	Keyword	DE-BSI	EDR	Ad group	Exact match
[ninjarmm price]	Keyword	DE-BSI	EDR	Ad group	Exact match
[iaas aws]	Keyword	DE-BSI	EDR	Ad group	Exact match
[cloudflare access]	Keyword	DE-BSI	EDR	Ad group	Exact match
[pfsense ipsec]	Keyword	DE-BSI	EDR	Ad group	Exact match
[sftp cloud service]	Keyword	DE-BSI	EDR	Ad group	Exact match
[azure private cloud]	Keyword	DE-BSI	EDR	Ad group	Exact match
[cloud adoption framework]	Keyword	DE-BSI	EDR	Ad group	Exact match
[server amazon aws]	Keyword	DE-BSI	EDR	Ad group	Exact match
[how to get viruses off your computer for free]	Keyword	DE-BSI	EDR	Ad group	Exact match
[file checker]	Keyword	DE-BSI	EDR	Ad group	Exact match
[intune tutorial]	Keyword	DE-BSI	EDR	Ad group	Exact match
[cisco g]	Keyword	DE-BSI	EDR	Ad group	Exact match
[n able rmm pricing]	Keyword	DE-BSI	EDR	Ad group	Exact match
[cybersecurity show]	Keyword	DE-BSI	EDR	Ad group	Exact match
[avast rmm]	Keyword	DE-BSI	EDR	Ad group	Exact match
[how to tell if a link is safe]	Keyword	DE-BSI	EDR	Ad group	Exact match
[osint programs]	Keyword	DE-BSI	EDR	Ad group	Exact match
[openbsd ipsec]	Keyword	DE-BSI	EDR	Ad group	Exact match
[datto rmm pricing]	Keyword	DE-BSI	EDR	Ad group	Exact match
[cyber security full course]	Keyword	DE-BSI	EDR	Ad group	Exact match
[ninjarmm competitors]	Keyword	DE-BSI	EDR	Ad group	Exact match
[ansible introduction]	Keyword	DE-BSI	EDR	Ad group	Exact match
[nod32 free key]	Keyword	DE-BSI	EDR	Ad group	Exact match
[passbolt docker]	Keyword	DE-BSI	EDR	Ad group	Exact match
[ethical hacker pro]	Keyword	DE-BSI	EDR	Ad group	Exact match
[migrating enterprise application to cloud]	Keyword	DE-BSI	EDR	Ad group	Exact match
[hacking ai]	Keyword	DE-BSI	EDR	Ad group	Exact match
[why aws is used]	Keyword	DE-BSI	EDR	Ad group	Exact match
[dr web online scanner]	Keyword	DE-BSI	EDR	Ad group	Exact match
[azure for microsoft]	Keyword	DE-BSI	EDR	Ad group	Exact match
[how to delete a virus on your phone]	Keyword	DE-BSI	EDR	Ad group	Exact match
[microsoft azure what is cloud computing]	Keyword	DE-BSI	EDR	Ad group	Exact match
[cybersecurity training for business]	Keyword	DE-BSI	EDR	Ad group	Exact match
[free licence eset internet security]	Keyword	DE-BSI	EDR	Ad group	Exact match
[hacker guru]	Keyword	DE-BSI	EDR	Ad group	Exact match
[azure active directory azure ad]	Keyword	DE-BSI	EDR	Ad group	Exact match
[how to hackers work]	Keyword	DE-BSI	EDR	Ad group	Exact match
[osint free tools]	Keyword	DE-BSI	EDR	Ad group	Exact match
[on prem password manager]	Keyword	DE-BSI	EDR	Ad group	Exact match
[cloud agnostic]	Keyword	DE-BSI	EDR	Ad group	Exact match
[allowlisting]	Keyword	DE-BSI	EDR	Ad group	Exact match
[azure cloud capabilities]	Keyword	DE-BSI	EDR	Ad group	Exact match
[sn1per]	Keyword	DE-BSI	EDR	Ad group	Exact match
[cyber security money]	Keyword	DE-BSI	EDR	Ad group	Exact match
[cybersecurity pitch deck]	Keyword	DE-BSI	EDR	Ad group	Exact match
[pfsense fortigate ipsec]	Keyword	DE-BSI	EDR	Ad group	Exact match
[apple rmm]	Keyword	DE-BSI	EDR	Ad group	Exact match
[datto rmm reddit]	Keyword	DE-BSI	EDR	Ad group	Exact match
[レンタル サーバー ウイルス 対策]	Keyword	DE-BSI	EDR	Ad group	Exact match
[sieim]	Keyword	DE-BSI	EDR	Ad group	Exact match
[meraki vs fortinet sd wan]	Keyword	DE-BSI	EDR	Ad group	Exact match
[borgmatic]	Keyword	DE-BSI	EDR	Ad group	Exact match
[cybersecurity documentary]	Keyword	DE-BSI	EDR	Ad group	Exact match
[cloudsigma free]	Keyword	DE-BSI	EDR	Ad group	Exact match
[aws fsx active directory]	Keyword	DE-BSI	EDR	Ad group	Exact match
[how to remove trojan virus windows 10]	Keyword	DE-BSI	EDR	Ad group	Exact match
[api authentication and authorization]	Keyword	DE-BSI	EDR	Ad group	Exact match
[how to create a malware]	Keyword	DE-BSI	EDR	Ad group	Exact match
[how to delete virus from pc without antivirus]	Keyword	DE-BSI	EDR	Ad group	Exact match
[cybersecurity influencers]	Keyword	DE-BSI	EDR	Ad group	Exact match
[ransomware buy]	Keyword	DE-BSI	EDR	Ad group	Exact match
[aws fsx for windows file server]	Keyword	DE-BSI	EDR	Ad group	Exact match
[podman redhat]	Keyword	DE-BSI	EDR	Ad group	Exact match
[pegasus spyware tutorial]	Keyword	DE-BSI	EDR	Ad group	Exact match
[aws backup and restore ec2 instance]	Keyword	DE-BSI	EDR	Ad group	Exact match
[how to completely remove virus from windows 10]	Keyword	DE-BSI	EDR	Ad group	Exact match
[apple business manager deutsch]	Keyword	DE-BSI	EDR	Ad group	Exact match
[what to do if trojan is detected]	Keyword	DE-BSI	EDR	Ad group	Exact match
[digital security helpline]	Keyword	DE-BSI	EDR	Ad group	Exact match
[owasp top 10 web application vulnerabilities 2021]	Keyword	DE-BSI	EDR	Ad group	Exact match
[maltego free]	Keyword	DE-BSI	EDR	Ad group	Exact match
[كورس امن سيبراني]	Keyword	DE-BSI	EDR	Ad group	Exact match
[bettercloud g2]	Keyword	DE-BSI	EDR	Ad group	Exact match
[cloud implementation models]	Keyword	DE-BSI	EDR	Ad group	Exact match
[opnsense sensei]	Keyword	DE-BSI	EDR	Ad group	Exact match
[intune zero touch deployment]	Keyword	DE-BSI	EDR	Ad group	Exact match
[htttps www norton com setup]	Keyword	DE-BSI	EDR	Ad group	Exact match
[ninja rmm reddit]	Keyword	DE-BSI	EDR	Ad group	Exact match
[hackme developer]	Keyword	DE-BSI	EDR	Ad group	Exact match
[python libraries for cyber security]	Keyword	DE-BSI	EDR	Ad group	Exact match
[do i need antivirus for windows 11]	Keyword	DE-BSI	EDR	Ad group	Exact match
[brute force angriffe]	Keyword	DE-BSI	EDR	Ad group	Exact match
[connectwise rmm reddit]	Keyword	DE-BSI	EDR	Ad group	Exact match
[aem datto]	Keyword	DE-BSI	EDR	Ad group	Exact match
[sina core]	Keyword	DE-BSI	EDR	Ad group	Exact match
[ansible semaphore]	Keyword	DE-BSI	EDR	Ad group	Exact match
[free cybersecurity training and job placement]	Keyword	DE-BSI	EDR	Ad group	Exact match
[owasp top 10 tryhackme]	Keyword	DE-BSI	EDR	Ad group	Exact match
[how to see if your phone has viruses]	Keyword	DE-BSI	EDR	Ad group	Exact match
[network penetration testing full course]	Keyword	DE-BSI	EDR	Ad group	Exact match
[https seguridadinformaticahoy com doxing todo lo que debes saber]	Keyword	DE-BSI	EDR	Ad group	Exact match
[ninjaone rmm pricing]	Keyword	DE-BSI	EDR	Ad group	Exact match
[aes256 ctr]	Keyword	DE-BSI	EDR	Ad group	Exact match
[https seguridadinformaticahoy com que es un exploit y como funciona]	Keyword	DE-BSI	EDR	Ad group	Exact match
[perseus login]	Keyword	DE-BSI	EDR	Ad group	Exact match
[https seguridadinformaticahoy com scareware como detectarlo y eliminarlo]	Keyword	DE-BSI	EDR	Ad group	Exact match
[how to remove trojan virus windows 11]	Keyword	DE-BSI	EDR	Ad group	Exact match
[htb certified penetration testing specialist]	Keyword	DE-BSI	EDR	Ad group	Exact match
[antivirus cleaner vpn]	Keyword	DE-BSI	EDR	Ad group	Exact match
[winrm ansible]	Keyword	DE-BSI	EDR	Ad group	Exact match
[ddosm]	Keyword	DE-BSI	EDR	Ad group	Exact match
[https seguridadinformaticahoy com ataque ss7]	Keyword	DE-BSI	EDR	Ad group	Exact match
[sentinelone behavioral ai]	Keyword	DE-BSI	EDR	Ad group	Exact match
[windows 11 sicherheitseinstellungen]	Keyword	DE-BSI	EDR	Ad group	Exact match
[nttdata セキュリティ]	Keyword	DE-BSI	EDR	Ad group	Exact match
[devolutions hub]	Keyword	DE-BSI	EDR	Ad group	Exact match
[kubernetes permissions]	Keyword	DE-BSI	EDR	Ad group	Exact match
[security principles tryhackme]	Keyword	DE-BSI	EDR	Ad group	Exact match
[firewall and network protection advanced settings greyed out]	Keyword	DE-BSI	EDR	Ad group	Exact match
[antivirus programm herunterladen kostenlos]	Keyword	DE-BSI	EDR	Ad group	Exact match
[how to know if someone hacked my pc]	Keyword	DE-BSI	EDR	Ad group	Exact match
[sentinel vault]	Keyword	DE-BSI	EDR	Ad group	Exact match
[patch my pc llc]	Keyword	DE-BSI	EDR	Ad group	Exact match
[red hat selinux]	Keyword	DE-BSI	EDR	Ad group	Exact match
[paw access]	Keyword	DE-BSI	EDR	Ad group	Exact match
[دوره امنیت سایبری]	Keyword	DE-BSI	EDR	Ad group	Exact match
[تعلم الامن السيبراني من الصفر الى الاحتراف مجانا]	Keyword	DE-BSI	EDR	Ad group	Exact match
[network course for cyber security]	Keyword	DE-BSI	EDR	Ad group	Exact match
[www xxx com domain mcafee labs threats center]	Keyword	DE-BSI	EDR	Ad group	Exact match
[iobit malware fighter 12 pro key 2024]	Keyword	DE-BSI	EDR	Ad group	Exact match
[iobit malware fighter 12.1 pro key]	Keyword	DE-BSI	EDR	Ad group	Exact match
[iobit malware fighter 12 pro license key 2024]	Keyword	DE-BSI	EDR	Ad group	Exact match
[www xxx com domain mcafee labs threat center of]	Keyword	DE-BSI	EDR	Ad group	Exact match
[eset vpn download for windows 10]	Keyword	DE-BSI	EDR	Ad group	Exact match
[opnsense ha]	Keyword	DE-BSI	EDR	Ad group	Exact match
[open source scep server]	Keyword	DE-BSI	EDR	Ad group	Exact match
[azure sre agent]	Keyword	DE-BSI	EDR	Ad group	Exact match
[email breach history]	Keyword	DE-BSI	EDR	Ad group	Exact match
[find the hackers]	Keyword	DE-BSI	EDR	Ad group	Exact match
[firepower usa]	Keyword	DE-BSI	EDR	Ad group	Exact match
[iobit malware fighter 5.6 pro key]	Keyword	DE-BSI	EDR	Ad group	Exact match
[купить антивирус касперского на 1 пк]	Keyword	EN - Competitors	Kaspersky	Ad group	Exact match
[сколько стоит касперский]	Keyword	EN - Competitors	Kaspersky	Ad group	Exact match
[скачать бесплатно касперский]	Keyword	EN - Competitors	Kaspersky	Ad group	Exact match
[касперский антивирус бесплатно]	Keyword	EN - Competitors	Kaspersky	Ad group	Exact match
[télécharger kaspersky antivirus gratuit]	Keyword	EN - Competitors	Kaspersky	Ad group	Exact match
[сайт антивирус касперского]	Keyword	EN - Competitors	Kaspersky	Ad group	Exact match
[лаборатории касперского]	Keyword	EN - Competitors	Kaspersky	Ad group	Exact match
[kaspersky threat intelligence portal]	Keyword	EN - Competitors	Kaspersky	Ad group	Exact match
[kaspersky free 32 bit]	Keyword	EN - Competitors	Kaspersky	Ad group	Exact match
[كاسبر موبايل]	Keyword	EN - Competitors	Kaspersky	Ad group	Exact match
[касперский информация]	Keyword	EN - Competitors	Kaspersky	Ad group	Exact match
[卡巴 斯 基 企業 版]	Keyword	EN - Competitors	Kaspersky	Ad group	Exact match
[антивирус касперский отзывы]	Keyword	EN - Competitors	Kaspersky	Ad group	Exact match
[télécharger antivirus kaspersky gratuit avec clé]	Keyword	EN - Competitors	Kaspersky	Ad group	Exact match
[касперский бесплатно скачать]	Keyword	EN - Competitors	Kaspersky	Ad group	Exact match
[подписка касперский]	Keyword	EN - Competitors	Kaspersky	Ad group	Exact match
[касперский впн цена]	Keyword	EN - Competitors	Kaspersky	Ad group	Exact match
[تحميل كاسبر سكاي انترنت سكيورتي 2023 مع التفعيل]	Keyword	EN - Competitors	Kaspersky	Ad group	Exact match
[كاسبر سكاي اندرويد]	Keyword	EN - Competitors	Kaspersky	Ad group	Exact match
[kaspersky standard key free]	Keyword	EN - Competitors	Kaspersky	Ad group	Exact match
[موقع مفاتيح كاسبر متجدد يوميا]	Keyword	EN - Competitors	Kaspersky	Ad group	Exact match
[مفاتيح كاسبر سكاي 2025]	Keyword	EN - Competitors	Kaspersky	Ad group	Exact match
[mã kích hoạt kaspersky miễn phí 2025]	Keyword	EN - Competitors	Kaspersky	Ad group	Exact match
[كاسبر سكاي مكرك]	Keyword	EN - Competitors	Kaspersky	Ad group	Exact match
[утилита касперского для проверки на вирусы]	Keyword	EN - Competitors	Kaspersky	Ad group	Exact match
[kaspersky security center wsus]	Keyword	EN - Competitors	Kaspersky	Ad group	Exact match
[kaspersky tweak assistant 2025]	Keyword	EN - Competitors	Kaspersky	Ad group	Exact match
[kaspersky x ff event]	Keyword	EN - Competitors	Kaspersky	Ad group	Exact match
[ddan]	Keyword	EN - Competitors	Trend Micro	Ad group	Exact match
[data loss prevention solutions]	Keyword	EN - Competitors	Crowdstrike	Ad group	Exact match
[graylog siem]	Keyword	EN - Competitors	Crowdstrike	Ad group	Exact match
[fortinet indonesia]	Keyword	EN - Competitors	Crowdstrike	Ad group	Exact match
[greynoise]	Keyword	EN - Competitors	Crowdstrike	Ad group	Exact match
[ghost pulse]	Keyword	EN - Competitors	Crowdstrike	Ad group	Exact match
[kaspersky free download]	Keyword	EN - Competitors	Kaspersky	Ad group	Exact match
[kaspersky telecharger]	Keyword	EN - Competitors	Kaspersky	Ad group	Exact match
[kaspersky gratuit]	Keyword	EN - Competitors	Kaspersky	Ad group	Exact match
[descargar kaspersky gratis]	Keyword	EN - Competitors	Kaspersky	Ad group	Exact match
[kaspersky free internet security download]	Keyword	EN - Competitors	Kaspersky	Ad group	Exact match
[فحص الجهاز من الفيروسات اون لاين كاسبر]	Keyword	EN - Competitors	Kaspersky	Ad group	Exact match
[касперский]	Keyword	EN - Competitors	Kaspersky	Ad group	Exact match
[telecharger antivirus gratuit kaspersky]	Keyword	EN - Competitors	Kaspersky	Ad group	Exact match
[kaspersky security free]	Keyword	EN - Competitors	Kaspersky	Ad group	Exact match
[kaspersky antivirus free download for windows 7]	Keyword	EN - Competitors	Kaspersky	Ad group	Exact match
[касперский бесплатно]	Keyword	EN - Competitors	Kaspersky	Ad group	Exact match
[касперский free]	Keyword	EN - Competitors	Kaspersky	Ad group	Exact match
[касперский антивирус скачать]	Keyword	EN - Competitors	Kaspersky	Ad group	Exact match
[kesl]	Keyword	EN - Competitors	Kaspersky	Ad group	Exact match
[kaspersky vpn download]	Keyword	EN - Competitors	Kaspersky	Ad group	Exact match
[касперский онлайн]	Keyword	EN - Competitors	Kaspersky	Ad group	Exact match
[تطبيق كاسبر للاندرويد]	Keyword	EN - Competitors	Kaspersky	Ad group	Exact match
[موقع كاسبر سكاي انتي فايروس]	Keyword	EN - Competitors	Kaspersky	Ad group	Exact match
[كاسبرسكي]	Keyword	EN - Competitors	Kaspersky	Ad group	Exact match
[تحميل كاسبر سكاي مجانا]	Keyword	EN - Competitors	Kaspersky	Ad group	Exact match
[كاسبر للاندرويد]	Keyword	EN - Competitors	Kaspersky	Ad group	Exact match
[касперский антивирус пробная версия]	Keyword	EN - Competitors	Kaspersky	Ad group	Exact match
[касперский антивирус скачать бесплатно]	Keyword	EN - Competitors	Kaspersky	Ad group	Exact match
[скачать антивирус касперского на пк]	Keyword	EN - Competitors	Kaspersky	Ad group	Exact match
[télécharger kaspersky internet security gratuit]	Keyword	EN - Competitors	Kaspersky	Ad group	Exact match
[касперский лицензия купить]	Keyword	EN - Competitors	Kaspersky	Ad group	Exact match
[kaspersky mobile antivirus free]	Keyword	EN - Competitors	Kaspersky	Ad group	Exact match
[descargar kaspersky free]	Keyword	EN - Competitors	Kaspersky	Ad group	Exact match
[my kaspersky com download]	Keyword	EN - Competitors	Kaspersky	Ad group	Exact match
[卡巴 斯 基 線上 掃 毒]	Keyword	EN - Competitors	Kaspersky	Ad group	Exact match
[kaspersky server download]	Keyword	EN - Competitors	Kaspersky	Ad group	Exact match
[kaspersky free cloud]	Keyword	EN - Competitors	Kaspersky	Ad group	Exact match
[كاسبر سكاي توتال سكيورتي]	Keyword	EN - Competitors	Kaspersky	Ad group	Exact match
[kaspersky free indir]	Keyword	EN - Competitors	Kaspersky	Ad group	Exact match
[تطبيق كاسبر سكاي]	Keyword	EN - Competitors	Kaspersky	Ad group	Exact match
[kaspersky vpn key free]	Keyword	EN - Competitors	Kaspersky	Ad group	Exact match
[kaspersky security center web console]	Keyword	EN - Competitors	Kaspersky	Ad group	Exact match
[klnagchk]	Keyword	EN - Competitors	Kaspersky	Ad group	Exact match
[اشتراك كاسبر سكاي]	Keyword	EN - Competitors	Kaspersky	Ad group	Exact match
[kaspersky usb rescue]	Keyword	EN - Competitors	Kaspersky	Ad group	Exact match
[my kaspersky welcome]	Keyword	EN - Competitors	Kaspersky	Ad group	Exact match
[telecharger kaspersky standard]	Keyword	EN - Competitors	Kaspersky	Ad group	Exact match
[كاسبر سكاي بريميوم]	Keyword	EN - Competitors	Kaspersky	Ad group	Exact match
[تحميل كاسبر بلس]	Keyword	EN - Competitors	Kaspersky	Ad group	Exact match
[تحميل برنامج كاسبر سكاي 2011 مجانا]	Keyword	EN - Competitors	Kaspersky	Ad group	Exact match
[كاسبر سكاي تجريبي]	Keyword	EN - Competitors	Kaspersky	Ad group	Exact match
[скачать антивирус каспер]	Keyword	EN - Competitors	Kaspersky	Ad group	Exact match
[مفتاح كاسبر سكاي 2025]	Keyword	EN - Competitors	Kaspersky	Ad group	Exact match
[卡巴 斯 基 免費 版 沒 了]	Keyword	EN - Competitors	Kaspersky	Ad group	Exact match
[kaspersky free keygen]	Keyword	EN - Competitors	Kaspersky	Ad group	Exact match
[download free kaspesky]	Keyword	EN - Competitors	Kaspersky	Ad group	Exact match
[установка ksc]	Keyword	EN - Competitors	Kaspersky	Ad group	Exact match
[kaspersky security center system requirements]	Keyword	EN - Competitors	Kaspersky	Ad group	Exact match
[ترخيص كاسبر سكاي]	Keyword	EN - Competitors	Kaspersky	Ad group	Exact match
[how to scan virus with windows defender]	Keyword	DE-BSI	EDR	Ad group	Exact match
[find hackers for free]	Keyword	DE-BSI	EDR	Ad group	Exact match
[cysat 2025]	Keyword	DE-BSI	EDR	Ad group	Exact match
[elijah tech upgrade]	Keyword	DE-BSI	EDR	Ad group	Exact match
[pfsense 2025]	Keyword	DE-BSI	EDR	Ad group	Exact match
[marcant vs]	Keyword	DE-BSI	EDR	Ad group	Exact match
[ayn thor lite vs pro]	Keyword	DE-BSI	EDR	Ad group	Exact match
[cisco ona]	Keyword	DE-BSI	EDR	Ad group	Exact match
[we it own]	Keyword	DE-BSI	EDR	Ad group	Exact match
[huntrix fee]	Keyword	DE-BSI	EDR	Ad group	Exact match
[p2s setup guide]	Keyword	DE-BSI	EDR	Ad group	Exact match
[update netscaler]	Keyword	DE-BSI	EDR	Ad group	Exact match
[avira free antivirus]	Keyword	DE-BSI	EDR	Ad group	Exact match
[cisco anyconnect]	Keyword	DE-BSI	EDR	Ad group	Exact match
[cloud computing hosting]	Keyword	DE-BSI	EDR	Ad group	Exact match
[website virus scanner]	Keyword	DE-BSI	EDR	Ad group	Exact match
[malwarebytes free]	Keyword	DE-BSI	EDR	Ad group	Exact match
[data breach insurance]	Keyword	DE-BSI	EDR	Ad group	Exact match
[virtualization and cloud]	Keyword	DE-BSI	EDR	Ad group	Exact match
[cloud software]	Keyword	DE-BSI	EDR	Ad group	Exact match
[anyconnect]	Keyword	DE-BSI	EDR	Ad group	Exact match
[virtual private cloud]	Keyword	DE-BSI	EDR	Ad group	Exact match
[cloud server providers]	Keyword	DE-BSI	EDR	Ad group	Exact match
[malwarebytes free version]	Keyword	DE-BSI	EDR	Ad group	Exact match
[bitdefender antivirus free]	Keyword	DE-BSI	EDR	Ad group	Exact match
[aws cloud]	Keyword	DE-BSI	EDR	Ad group	Exact match
[cloud aws]	Keyword	DE-BSI	EDR	Ad group	Exact match
[how to install malwarebytes]	Keyword	DE-BSI	EDR	Ad group	Exact match
[how to check if your computer has a virus]	Keyword	DE-BSI	EDR	Ad group	Exact match
[fortitoken]	Keyword	DE-BSI	EDR	Ad group	Exact match
[benefits of cloud technology]	Keyword	DE-BSI	EDR	Ad group	Exact match
[cyber security training for beginners]	Keyword	DE-BSI	EDR	Ad group	Exact match
[cryptus]	Keyword	DE-BSI	EDR	Ad group	Exact match
[big data hosting]	Keyword	DE-BSI	EDR	Ad group	Exact match
[cloud solutions provider]	Keyword	DE-BSI	EDR	Ad group	Exact match
[cloud storage management]	Keyword	DE-BSI	EDR	Ad group	Exact match
[cloud management platform]	Keyword	DE-BSI	EDR	Ad group	Exact match
[aws cloud services]	Keyword	DE-BSI	EDR	Ad group	Exact match
[ibm svc]	Keyword	DE-BSI	EDR	Ad group	Exact match
[active directory users and computers]	Keyword	DE-BSI	EDR	Ad group	Exact match
[website malware scanner]	Keyword	DE-BSI	EDR	Ad group	Exact match
[cloud service management]	Keyword	DE-BSI	EDR	Ad group	Exact match
[aws directory service]	Keyword	DE-BSI	EDR	Ad group	Exact match
[small business server hosting]	Keyword	DE-BSI	EDR	Ad group	Exact match
[seraphic]	Keyword	DE-BSI	EDR	Ad group	Exact match
[web application hacker's handbook]	Keyword	DE-BSI	EDR	Ad group	Exact match
[deployment]	Keyword	DE-BSI	EDR	Ad group	Exact match
[devops tools]	Keyword	DE-BSI	EDR	Ad group	Exact match
[microsoft cloud business]	Keyword	DE-BSI	EDR	Ad group	Exact match
[azure vpn]	Keyword	DE-BSI	EDR	Ad group	Exact match
[zix]	Keyword	DE-BSI	EDR	Ad group	Exact match
[no monkey]	Keyword	DE-BSI	EDR	Ad group	Exact match
[антивирусные программы]	Keyword	DE-BSI	EDR	Ad group	Exact match
[pci dss certificate]	Keyword	DE-BSI	EDR	Ad group	Exact match
[cybersecurity consulting]	Keyword	DE-BSI	EDR	Ad group	Exact match
[azure cloud computing]	Keyword	DE-BSI	EDR	Ad group	Exact match
[azure cloud hosting]	Keyword	DE-BSI	EDR	Ad group	Exact match
[keep it]	Keyword	DE-BSI	EDR	Ad group	Exact match
[forticlient vpn]	Keyword	DE-BSI	EDR	Ad group	Exact match
[ddos website]	Keyword	DE-BSI	EDR	Ad group	Exact match
[cloud computing public private hybrid]	Keyword	DE-BSI	EDR	Ad group	Exact match
[dagma]	Keyword	DE-BSI	EDR	Ad group	Exact match
[cybersecurity certification]	Keyword	DE-BSI	EDR	Ad group	Exact match
[azure monitor]	Keyword	DE-BSI	EDR	Ad group	Exact match
[open source waf]	Keyword	DE-BSI	EDR	Ad group	Exact match
[bios virus removal]	Keyword	DE-BSI	EDR	Ad group	Exact match
[cybersecurity malaysia]	Keyword	DE-BSI	EDR	Ad group	Exact match
[file virus scanner online]	Keyword	DE-BSI	EDR	Ad group	Exact match
[managed cloud services provider]	Keyword	DE-BSI	EDR	Ad group	Exact match
[aws cloud hosting]	Keyword	DE-BSI	EDR	Ad group	Exact match
[virus tester]	Keyword	DE-BSI	EDR	Ad group	Exact match
[antivirus programm kostenlos]	Keyword	DE-BSI	EDR	Ad group	Exact match
[best antivirus free download for windows 10]	Keyword	DE-BSI	EDR	Ad group	Exact match
[avira antivirus kostenlos chip]	Keyword	DE-BSI	EDR	Ad group	Exact match
[file virus checker]	Keyword	DE-BSI	EDR	Ad group	Exact match
[email virus scanner online]	Keyword	DE-BSI	EDR	Ad group	Exact match
[cloud in business]	Keyword	DE-BSI	EDR	Ad group	Exact match
[black duck]	Keyword	DE-BSI	EDR	Ad group	Exact match
[alternative to Trend Micro]	Keyword	DE-BSI	--	Campaign	Exact match
[CrowdStrike vs]	Keyword	DE-BSI	--	Campaign	Exact match
[Kaspersky alternative]	Keyword	DE-BSI	--	Campaign	Exact match
Sophos	Keyword	DE-BSI	--	Campaign	Broad match
CrowdStrike	Keyword	DE-BSI	--	Campaign	Broad match
[Palo Alto vs]	Keyword	DE-BSI	--	Campaign	Exact match
[Trelix alternative]	Keyword	DE-BSI	--	Campaign	Exact match
[alternative to Cybereason]	Keyword	DE-BSI	--	Campaign	Exact match
[Kaspersky vs]	Keyword	DE-BSI	--	Campaign	Exact match
[Trend Micro vs]	Keyword	DE-BSI	--	Campaign	Exact match
[aws vpn tunnel]	Keyword	DE-BSI	EDR	Ad group	Exact match
[black duck software]	Keyword	DE-BSI	EDR	Ad group	Exact match
[cace]	Keyword	DE-BSI	EDR	Ad group	Exact match
[beste antivirus kostenlos]	Keyword	DE-BSI	EDR	Ad group	Exact match
[amazon cloud platform]	Keyword	DE-BSI	EDR	Ad group	Exact match
[gratis viren entfernen]	Keyword	DE-BSI	EDR	Ad group	Exact match
[anti trojaner software kostenlos]	Keyword	DE-BSI	EDR	Ad group	Exact match
[openstack neutron]	Keyword	DE-BSI	EDR	Ad group	Exact match
[amazon cloud based services]	Keyword	DE-BSI	EDR	Ad group	Exact match
[cyber insurance small business]	Keyword	DE-BSI	EDR	Ad group	Exact match
[windows azure server]	Keyword	DE-BSI	EDR	Ad group	Exact match
[install active directory]	Keyword	DE-BSI	EDR	Ad group	Exact match
[azure deutsch]	Keyword	DE-BSI	EDR	Ad group	Exact match
[clavister]	Keyword	DE-BSI	EDR	Ad group	Exact match
[malware test]	Keyword	DE-BSI	EDR	Ad group	Exact match
[managed azure hosting]	Keyword	DE-BSI	EDR	Ad group	Exact match
[live cyber attack map]	Keyword	DE-BSI	EDR	Ad group	Exact match
[opnsense vs pfsense]	Keyword	DE-BSI	EDR	Ad group	Exact match
[try it now]	Keyword	DE-BSI	EDR	Ad group	Exact match
[php vulnerability scanner]	Keyword	DE-BSI	EDR	Ad group	Exact match
[pim pam]	Keyword	DE-BSI	EDR	Ad group	Exact match
[smallstep]	Keyword	DE-BSI	EDR	Ad group	Exact match
[managed azure cloud]	Keyword	DE-BSI	EDR	Ad group	Exact match
[oracle consulting partners]	Keyword	DE-BSI	EDR	Ad group	Exact match
[on prem cloud storage]	Keyword	DE-BSI	EDR	Ad group	Exact match
[grad it]	Keyword	DE-BSI	EDR	Ad group	Exact match
[website sicherheit prüfen online]	Keyword	DE-BSI	EDR	Ad group	Exact match
[hack scanner]	Keyword	DE-BSI	EDR	Ad group	Exact match
[pfsense multi wan]	Keyword	DE-BSI	EDR	Ad group	Exact match
[remote browser isolation]	Keyword	DE-BSI	EDR	Ad group	Exact match
[on demand service in cloud computing]	Keyword	DE-BSI	EDR	Ad group	Exact match
[define antivirus]	Keyword	DE-BSI	EDR	Ad group	Exact match
[red it]	Keyword	DE-BSI	EDR	Ad group	Exact match
[antivirus test free]	Keyword	DE-BSI	EDR	Ad group	Exact match
[azure hosted server]	Keyword	DE-BSI	EDR	Ad group	Exact match
[virustotal download]	Keyword	DE-BSI	EDR	Ad group	Exact match
[bscw]	Keyword	DE-BSI	EDR	Ad group	Exact match
[ddos attacken]	Keyword	DE-BSI	EDR	Ad group	Exact match
[aws sso]	Keyword	DE-BSI	EDR	Ad group	Exact match
[senhub]	Keyword	DE-BSI	EDR	Ad group	Exact match
[azure serverless architecture]	Keyword	DE-BSI	EDR	Ad group	Exact match
[microsoft azure software as a service]	Keyword	DE-BSI	EDR	Ad group	Exact match
[serity]	Keyword	DE-BSI	EDR	Ad group	Exact match
[devops release pipeline]	Keyword	DE-BSI	EDR	Ad group	Exact match
[cloud provider openstack]	Keyword	DE-BSI	EDR	Ad group	Exact match
[antivirus chromebook free]	Keyword	DE-BSI	EDR	Ad group	Exact match
[malware tester]	Keyword	DE-BSI	EDR	Ad group	Exact match
[hackers online]	Keyword	DE-BSI	EDR	Ad group	Exact match
[total av kostenlos]	Keyword	DE-BSI	EDR	Ad group	Exact match
[cyber security köln]	Keyword	DE-BSI	EDR	Ad group	Exact match
[internet hackers]	Keyword	DE-BSI	EDR	Ad group	Exact match
[azure s3]	Keyword	DE-BSI	EDR	Ad group	Exact match
[anytech]	Keyword	DE-BSI	EDR	Ad group	Exact match
[website virenscanner]	Keyword	DE-BSI	EDR	Ad group	Exact match
[cynet]	Keyword	DE-BSI	EDR	Ad group	Exact match
[cybit]	Keyword	DE-BSI	EDR	Ad group	Exact match
[small business it setup]	Keyword	DE-BSI	EDR	Ad group	Exact match
[cyber security awareness training services]	Keyword	DE-BSI	EDR	Ad group	Exact match
[hornetsecurity login]	Keyword	DE-BSI	EDR	Ad group	Exact match
[beste antivirus app kostenlos]	Keyword	DE-BSI	EDR	Ad group	Exact match
[cloud software business]	Keyword	DE-BSI	EDR	Ad group	Exact match
[secure electronic transaction]	Keyword	DE-BSI	EDR	Ad group	Exact match
[how to remove virus from acer laptop]	Keyword	DE-BSI	EDR	Ad group	Exact match
[broadcom company]	Keyword	DE-BSI	EDR	Ad group	Exact match
[b nerd]	Keyword	DE-BSI	EDR	Ad group	Exact match
[seq logging]	Keyword	DE-BSI	EDR	Ad group	Exact match
[ddos tutorial]	Keyword	DE-BSI	EDR	Ad group	Exact match
[how to learn cloud security]	Keyword	DE-BSI	EDR	Ad group	Exact match
[ibm cloud virtual servers]	Keyword	DE-BSI	EDR	Ad group	Exact match
[c2 network]	Keyword	DE-BSI	EDR	Ad group	Exact match
[container orchestration tools]	Keyword	DE-BSI	EDR	Ad group	Exact match
[cloud computing in simple terms]	Keyword	DE-BSI	EDR	Ad group	Exact match
[oracle for small business]	Keyword	DE-BSI	EDR	Ad group	Exact match
[nmap guide]	Keyword	DE-BSI	EDR	Ad group	Exact match
[blackhat tools]	Keyword	DE-BSI	EDR	Ad group	Exact match
[hacker ethical]	Keyword	DE-BSI	EDR	Ad group	Exact match
[norton 360 product key activation]	Keyword	DE-BSI	EDR	Ad group	Exact match
[cybersecurity projects]	Keyword	DE-BSI	EDR	Ad group	Exact match
[how to protect my email]	Keyword	DE-BSI	EDR	Ad group	Exact match
[cisco fmc]	Keyword	DE-BSI	EDR	Ad group	Exact match
[360 total security coupon code]	Keyword	DE-BSI	EDR	Ad group	Exact match
[backpoint]	Keyword	DE-BSI	EDR	Ad group	Exact match
[healthcare cybersecurity training]	Keyword	DE-BSI	EDR	Ad group	Exact match
[hacking platform]	Keyword	DE-BSI	EDR	Ad group	Exact match
[sigma hq]	Keyword	DE-BSI	EDR	Ad group	Exact match
[cybersecurity beginner]	Keyword	DE-BSI	EDR	Ad group	Exact match
[windows autopilot]	Keyword	DE-BSI	EDR	Ad group	Exact match
[amazon ec2 paas]	Keyword	DE-BSI	EDR	Ad group	Exact match
[barracuda rmm]	Keyword	DE-BSI	EDR	Ad group	Exact match
[managed hosted]	Keyword	DE-BSI	EDR	Ad group	Exact match
[ninja rmm ticketing]	Keyword	DE-BSI	EDR	Ad group	Exact match
[datenleck check]	Keyword	DE-BSI	EDR	Ad group	Exact match
[cybersecurity full course]	Keyword	DE-BSI	EDR	Ad group	Exact match
[aws well architected review]	Keyword	DE-BSI	EDR	Ad group	Exact match
[virus download pc]	Keyword	DE-BSI	EDR	Ad group	Exact match
[how to remove virus from hp laptop]	Keyword	DE-BSI	EDR	Ad group	Exact match
[services of microsoft azure]	Keyword	DE-BSI	EDR	Ad group	Exact match
[cloud computing is a service]	Keyword	DE-BSI	EDR	Ad group	Exact match
[access control plan]	Keyword	DE-BSI	EDR	Ad group	Exact match
[azure computing services]	Keyword	DE-BSI	EDR	Ad group	Exact match
[your computer has virus]	Keyword	DE-BSI	EDR	Ad group	Exact match
[gpo update]	Keyword	DE-BSI	EDR	Ad group	Exact match
[reddit rmm]	Keyword	DE-BSI	EDR	Ad group	Exact match
[azure arc]	Keyword	DE-BSI	EDR	Ad group	Exact match
[cisco asa site to site vpn configuration]	Keyword	DE-BSI	EDR	Ad group	Exact match
[norton 360 vs kaspersky total security]	Keyword	DE-BSI	EDR	Ad group	Exact match
[red hat linux 10]	Keyword	DE-BSI	EDR	Ad group	Exact match
[how to block norton pop ups]	Keyword	DE-BSI	EDR	Ad group	Exact match
[cyber security بالعربي]	Keyword	DE-BSI	EDR	Ad group	Exact match
[hacker ai]	Keyword	DE-BSI	EDR	Ad group	Exact match
[cloud based computing platforms]	Keyword	DE-BSI	EDR	Ad group	Exact match
[how to do a cyber attack]	Keyword	DE-BSI	EDR	Ad group	Exact match
[palo alto prisma cloud]	Keyword	DE-BSI	EDR	Ad group	Exact match
[hackers webs]	Keyword	DE-BSI	EDR	Ad group	Exact match
[aws s3 sse]	Keyword	DE-BSI	EDR	Ad group	Exact match
[antsle private cloud]	Keyword	DE-BSI	EDR	Ad group	Exact match
[keycloak tutorial]	Keyword	DE-BSI	EDR	Ad group	Exact match
[keycloak admin api]	Keyword	DE-BSI	EDR	Ad group	Exact match
[check file for viruses]	Keyword	DE-BSI	EDR	Ad group	Exact match
[aws directory service for microsoft active directory]	Keyword	DE-BSI	EDR	Ad group	Exact match
[default dmarc record]	Keyword	DE-BSI	EDR	Ad group	Exact match
[how to know if your pc is hacked]	Keyword	DE-BSI	EDR	Ad group	Exact match
[file safety checker]	Keyword	DE-BSI	EDR	Ad group	Exact match
[github tools for hacking]	Keyword	DE-BSI	EDR	Ad group	Exact match
[azure most popular services]	Keyword	DE-BSI	EDR	Ad group	Exact match
[bitdefender free antivirus for windows 10 64 bit]	Keyword	DE-BSI	EDR	Ad group	Exact match
[fmc update]	Keyword	DE-BSI	EDR	Ad group	Exact match
[calico cni]	Keyword	DE-BSI	EDR	Ad group	Exact match
[crowdsec]	Keyword	DE-BSI	EDR	Ad group	Exact match
[how i know my email is hacked]	Keyword	DE-BSI	EDR	Ad group	Exact match
[ddossen]	Keyword	DE-BSI	EDR	Ad group	Exact match
[free recon]	Keyword	DE-BSI	EDR	Ad group	Exact match
[cyber security slogan]	Keyword	DE-BSI	EDR	Ad group	Exact match
[how to clear virus from laptop]	Keyword	DE-BSI	EDR	Ad group	Exact match
[on prem off prem]	Keyword	DE-BSI	EDR	Ad group	Exact match
[en iyi antivirüs programı mobil]	Keyword	DE-BSI	EDR	Ad group	Exact match
[how to clean your phone from virus for free]	Keyword	DE-BSI	EDR	Ad group	Exact match
[cybersecurity beginners guide]	Keyword	DE-BSI	EDR	Ad group	Exact match
[acmeo rmm]	Keyword	DE-BSI	EDR	Ad group	Exact match
[sentinelone news]	Keyword	DE-BSI	EDR	Ad group	Exact match
[server hosting azure]	Keyword	DE-BSI	EDR	Ad group	Exact match
[pfsense vs pfsense plus]	Keyword	DE-BSI	EDR	Ad group	Exact match
[better stack]	Keyword	DE-BSI	EDR	Ad group	Exact match
[betterstack]	Keyword	DE-BSI	EDR	Ad group	Exact match
[how to secure your wifi network]	Keyword	DE-BSI	EDR	Ad group	Exact match
[electronic espionage]	Keyword	DE-BSI	EDR	Ad group	Exact match
[three types of cloud computing]	Keyword	DE-BSI	EDR	Ad group	Exact match
[iam google]	Keyword	DE-BSI	EDR	Ad group	Exact match
[acronis partner]	Keyword	DE-BSI	EDR	Ad group	Exact match
[azure terraform]	Keyword	DE-BSI	EDR	Ad group	Exact match
[nable rmm pricing]	Keyword	DE-BSI	EDR	Ad group	Exact match
[beyond cloud]	Keyword	DE-BSI	EDR	Ad group	Exact match
[virenscanner kostenlos avira]	Keyword	DE-BSI	EDR	Ad group	Exact match
[install active directory users and computers]	Keyword	DE-BSI	EDR	Ad group	Exact match
[virus checker link]	Keyword	DE-BSI	EDR	Ad group	Exact match
[how to remove powershell virus]	Keyword	DE-BSI	EDR	Ad group	Exact match
[podcast cybersecurity]	Keyword	DE-BSI	EDR	Ad group	Exact match
[anydesk rmm]	Keyword	DE-BSI	EDR	Ad group	Exact match
[cloud storage automation]	Keyword	DE-BSI	EDR	Ad group	Exact match
[datto rmm pricing reddit]	Keyword	DE-BSI	EDR	Ad group	Exact match
[ansible handlers]	Keyword	DE-BSI	EDR	Ad group	Exact match
[how to remove viruses on your phone]	Keyword	DE-BSI	EDR	Ad group	Exact match
[alpha six]	Keyword	DE-BSI	EDR	Ad group	Exact match
[how to remove hacktool win32 autokms]	Keyword	DE-BSI	EDR	Ad group	Exact match
[meraki test]	Keyword	DE-BSI	EDR	Ad group	Exact match
[azure cloud based]	Keyword	DE-BSI	EDR	Ad group	Exact match
[how to delete all malware from computer]	Keyword	DE-BSI	EDR	Ad group	Exact match
[windows server 2022]	Keyword	DE-BSI	EDR	Ad group	Exact match
[hacking bounties]	Keyword	DE-BSI	EDR	Ad group	Exact match
[cloud systemhaus]	Keyword	DE-BSI	EDR	Ad group	Exact match
[hacking real life]	Keyword	DE-BSI	EDR	Ad group	Exact match
[cisco asa ipsec vpn configuration]	Keyword	DE-BSI	EDR	Ad group	Exact match
[license kaspersky free]	Keyword	DE-BSI	EDR	Ad group	Exact match
[how to remove virus from your pc]	Keyword	DE-BSI	EDR	Ad group	Exact match
[ninjarmm dojo]	Keyword	DE-BSI	EDR	Ad group	Exact match
[rmm windows]	Keyword	DE-BSI	EDR	Ad group	Exact match
[accessing the cloud in cloud computing]	Keyword	DE-BSI	EDR	Ad group	Exact match
[protect by]	Keyword	DE-BSI	EDR	Ad group	Exact match
[hyperscalers]	Keyword	DE-BSI	EDR	Ad group	Exact match
[bas tools]	Keyword	DE-BSI	EDR	Ad group	Exact match
[azure front door]	Keyword	DE-BSI	EDR	Ad group	Exact match
[how to see if your pc is hacked]	Keyword	DE-BSI	EDR	Ad group	Exact match
[pfsense on proxmox]	Keyword	DE-BSI	EDR	Ad group	Exact match
[site to site vpn palo alto]	Keyword	DE-BSI	EDR	Ad group	Exact match
[software maltego]	Keyword	DE-BSI	EDR	Ad group	Exact match
[como proteger mi ordenador]	Keyword	DE-BSI	EDR	Ad group	Exact match
[pass the ticket]	Keyword	DE-BSI	EDR	Ad group	Exact match
[free nod32 license]	Keyword	DE-BSI	EDR	Ad group	Exact match
[nod32 free license]	Keyword	DE-BSI	EDR	Ad group	Exact match
[testing viruses]	Keyword	DE-BSI	EDR	Ad group	Exact match
[file checker virus]	Keyword	DE-BSI	EDR	Ad group	Exact match
[امنیت سایبری]	Keyword	DE-BSI	EDR	Ad group	Exact match
[cybersecurity news aggregator]	Keyword	DE-BSI	EDR	Ad group	Exact match
[how to remove crypto mining malware]	Keyword	DE-BSI	EDR	Ad group	Exact match
[free cybersecurity career training and cert prep]	Keyword	DE-BSI	EDR	Ad group	Exact match
[kali linux full hacking course]	Keyword	DE-BSI	EDR	Ad group	Exact match
[openshift explained]	Keyword	DE-BSI	EDR	Ad group	Exact match
[how to write ransomware]	Keyword	DE-BSI	EDR	Ad group	Exact match
[i have virus in my phone]	Keyword	DE-BSI	EDR	Ad group	Exact match
[burpsuit]	Keyword	DE-BSI	EDR	Ad group	Exact match
[keycloak alternatives open source]	Keyword	DE-BSI	EDR	Ad group	Exact match
[free antivirus for windows 11]	Keyword	DE-BSI	EDR	Ad group	Exact match
[касперский edr]	Keyword	DE-BSI	EDR	Ad group	Exact match
[action1 rmm]	Keyword	DE-BSI	EDR	Ad group	Exact match
[cyolo]	Keyword	DE-BSI	EDR	Ad group	Exact match
[windows 365 business cloud pc]	Keyword	DE-BSI	EDR	Ad group	Exact match
[how to learn cybersecurity for free]	Keyword	DE-BSI	EDR	Ad group	Exact match
[sosafe cyber security awareness training]	Keyword	DE-BSI	EDR	Ad group	Exact match
[winlogbeat]	Keyword	DE-BSI	EDR	Ad group	Exact match
[ninja rmm mac]	Keyword	DE-BSI	EDR	Ad group	Exact match
[signpath]	Keyword	DE-BSI	EDR	Ad group	Exact match
[sentinel setup]	Keyword	DE-BSI	EDR	Ad group	Exact match
[black dwarf g5]	Keyword	DE-BSI	EDR	Ad group	Exact match
[azure workbooks]	Keyword	DE-BSI	EDR	Ad group	Exact match
[cortex xdr tutorial]	Keyword	DE-BSI	EDR	Ad group	Exact match
[keycloak backend]	Keyword	DE-BSI	EDR	Ad group	Exact match
[how to see if a file is safe]	Keyword	DE-BSI	EDR	Ad group	Exact match
[black hat hacker full course]	Keyword	DE-BSI	EDR	Ad group	Exact match
[شهادة سايبر سكيورتي]	Keyword	DE-BSI	EDR	Ad group	Exact match
[intro to cyber threat intel tryhackme walkthrough]	Keyword	DE-BSI	EDR	Ad group	Exact match
[claroty documentation]	Keyword	DE-BSI	EDR	Ad group	Exact match
[documentary on cyber security]	Keyword	DE-BSI	EDR	Ad group	Exact match
[best cyber security gadgets]	Keyword	DE-BSI	EDR	Ad group	Exact match
[iobit malware fighter 8.6 pro key]	Keyword	DE-BSI	EDR	Ad group	Exact match
[opnsense doku]	Keyword	DE-BSI	EDR	Ad group	Exact match
[bug bounty beginner guide]	Keyword	DE-BSI	EDR	Ad group	Exact match
[openvas alternative open source]	Keyword	DE-BSI	EDR	Ad group	Exact match
[opnsense proxmox]	Keyword	DE-BSI	EDR	Ad group	Exact match
[how to remove any malware from windows 11]	Keyword	DE-BSI	EDR	Ad group	Exact match
[mohammad jorjandi]	Keyword	DE-BSI	EDR	Ad group	Exact match
[nis2 wer ist betroffen]	Keyword	DE-BSI	EDR	Ad group	Exact match
[playbook incident]	Keyword	DE-BSI	EDR	Ad group	Exact match
[n able rmm price]	Keyword	DE-BSI	EDR	Ad group	Exact match
[pingcastle download]	Keyword	DE-BSI	EDR	Ad group	Exact match
[infosec assessment answers]	Keyword	DE-BSI	EDR	Ad group	Exact match
[viren entfernen windows 11]	Keyword	DE-BSI	EDR	Ad group	Exact match
[keycloak logging]	Keyword	DE-BSI	EDR	Ad group	Exact match
[cyber hackers group]	Keyword	DE-BSI	EDR	Ad group	Exact match
[microsoft purview auto labeling]	Keyword	DE-BSI	EDR	Ad group	Exact match
[how to stop virus ads on android phone]	Keyword	DE-BSI	EDR	Ad group	Exact match
[opnsense inter vlan routing]	Keyword	DE-BSI	EDR	Ad group	Exact match
[flare dark web]	Keyword	DE-BSI	EDR	Ad group	Exact match
[i installed virus on my pc]	Keyword	DE-BSI	EDR	Ad group	Exact match
[caido vs burp]	Keyword	DE-BSI	EDR	Ad group	Exact match
[emprendedor imbatible como eliminar virus]	Keyword	DE-BSI	EDR	Ad group	Exact match
[cybershield 2024]	Keyword	DE-BSI	EDR	Ad group	Exact match
[cycon 2025]	Keyword	DE-BSI	EDR	Ad group	Exact match
[iobit malware fighter 11 pro key 2025]	Keyword	DE-BSI	EDR	Ad group	Exact match
[hacker destroy scammer]	Keyword	DE-BSI	EDR	Ad group	Exact match
[www xxx com domain mcafee labs threat center]	Keyword	DE-BSI	EDR	Ad group	Exact match
[norton 360 premium 2025]	Keyword	DE-BSI	EDR	Ad group	Exact match
[afd firewall]	Keyword	DE-BSI	EDR	Ad group	Exact match
[firewalls tutorial]	Keyword	DE-BSI	EDR	Ad group	Exact match
[iobit malware fighter 12.3 pro key]	Keyword	DE-BSI	EDR	Ad group	Exact match
[when a hacker gets hacked]	Keyword	DE-BSI	EDR	Ad group	Exact match
[norton ghost exe 64 bit download]	Keyword	DE-BSI	EDR	Ad group	Exact match
[free remote password cracker]	Keyword	DE-BSI	EDR	Ad group	Exact match
[tryhackme challenge]	Keyword	DE-BSI	EDR	Ad group	Exact match
[hacktool keygen slowed]	Keyword	DE-BSI	EDR	Ad group	Exact match
[free huntrix]	Keyword	DE-BSI	EDR	Ad group	Exact match
[huntrix free]	Keyword	DE-BSI	EDR	Ad group	Exact match
[p2s setup]	Keyword	DE-BSI	EDR	Ad group	Exact match
[reflector palo]	Keyword	DE-BSI	EDR	Ad group	Exact match
[openssh pqc]	Keyword	DE-BSI	EDR	Ad group	Exact match
[vincent und marcant]	Keyword	DE-BSI	EDR	Ad group	Exact match
[huntrix how it]	Keyword	DE-BSI	EDR	Ad group	Exact match
[bloodhound scan]	Keyword	DE-BSI	EDR	Ad group	Exact match
[cryptographic method or product considered bogus]	Keyword	DE-BSI	EDR	Ad group	Exact match
[d sdn]	Keyword	DE-BSI	EDR	Ad group	Exact match
[deadline vs bastion]	Keyword	DE-BSI	EDR	Ad group	Exact match
[ayn thor lite vs max]	Keyword	DE-BSI	EDR	Ad group	Exact match
[wazuh certificate deployment]	Keyword	DE-BSI	EDR	Ad group	Exact match
[anssi8000]	Keyword	DE-BSI	EDR	Ad group	Exact match
[apt 15 minutes]	Keyword	DE-BSI	EDR	Ad group	Exact match
[opnsense nmap]	Keyword	DE-BSI	EDR	Ad group	Exact match
[openpki]	Keyword	DE-BSI	EDR	Ad group	Exact match
[huntrix done]	Keyword	DE-BSI	EDR	Ad group	Exact match
[keycloak dev day 2026]	Keyword	DE-BSI	EDR	Ad group	Exact match
[opnsense oder pfsense]	Keyword	DE-BSI	EDR	Ad group	Exact match
[السايبر سكيورتي]	Keyword	DE-BSI	EDR	Ad group	Exact match
[how to delete all viruses on pc]	Keyword	DE-BSI	EDR	Ad group	Exact match
[what is iac]	Keyword	DE-BSI	EDR	Ad group	Exact match
[teamviewer rmm pricing]	Keyword	DE-BSI	EDR	Ad group	Exact match
[john hammond malware analysis]	Keyword	DE-BSI	EDR	Ad group	Exact match
[how to become ciso]	Keyword	DE-BSI	EDR	Ad group	Exact match
[silent audit]	Keyword	DE-BSI	EDR	Ad group	Exact match
[alternative nessus]	Keyword	DE-BSI	EDR	Ad group	Exact match
[kostenloser spyware scanner]	Keyword	DE-BSI	EDR	Ad group	Exact match
[sentinel architecture]	Keyword	DE-BSI	EDR	Ad group	Exact match
[loi liang yang]	Keyword	DE-BSI	EDR	Ad group	Exact match
[thinkquantum]	Keyword	DE-BSI	EDR	Ad group	Exact match
[popular cloud services in cloud computing]	Keyword	DE-BSI	EDR	Ad group	Exact match
[reason cybersecurity uninstall]	Keyword	DE-BSI	EDR	Ad group	Exact match
[jpmorgan cybersecurity]	Keyword	DE-BSI	EDR	Ad group	Exact match
[how can i see if my phone has a virus]	Keyword	DE-BSI	EDR	Ad group	Exact match
[bytelife]	Keyword	DE-BSI	EDR	Ad group	Exact match
[any run pricing]	Keyword	DE-BSI	EDR	Ad group	Exact match
[crowdsec pfsense]	Keyword	DE-BSI	EDR	Ad group	Exact match
[darkguard]	Keyword	DE-BSI	EDR	Ad group	Exact match
[ninjarmm nms]	Keyword	DE-BSI	EDR	Ad group	Exact match
[https seguridadinformaticahoy com ataque de dia cero]	Keyword	DE-BSI	EDR	Ad group	Exact match
[msafree]	Keyword	DE-BSI	EDR	Ad group	Exact match
[threat intelligence tools tryhackme walkthrough]	Keyword	DE-BSI	EDR	Ad group	Exact match
[amc prod]	Keyword	DE-BSI	EDR	Ad group	Exact match
[day in a life of cybersecurity]	Keyword	DE-BSI	EDR	Ad group	Exact match
[1.1 1.1 vpn zero trust]	Keyword	DE-BSI	EDR	Ad group	Exact match
[it security شرح]	Keyword	DE-BSI	EDR	Ad group	Exact match
[datto rmm mac permissions]	Keyword	DE-BSI	EDR	Ad group	Exact match
[connectwise rmm pricing reddit]	Keyword	DE-BSI	EDR	Ad group	Exact match
[keycloak fine grained authorization]	Keyword	DE-BSI	EDR	Ad group	Exact match
[fortect free license key]	Keyword	DE-BSI	EDR	Ad group	Exact match
[binary edge]	Keyword	DE-BSI	EDR	Ad group	Exact match
[grow google certificates cybersecurity]	Keyword	DE-BSI	EDR	Ad group	Exact match
[darktru]	Keyword	DE-BSI	EDR	Ad group	Exact match
[offensivecon]	Keyword	DE-BSI	EDR	Ad group	Exact match
[free website ddoser]	Keyword	DE-BSI	EDR	Ad group	Exact match
[how to be a hacker on phone]	Keyword	DE-BSI	EDR	Ad group	Exact match
[python ddos tutorial]	Keyword	DE-BSI	EDR	Ad group	Exact match
[1password sso azure]	Keyword	DE-BSI	EDR	Ad group	Exact match
[blast radius aws]	Keyword	DE-BSI	EDR	Ad group	Exact match
[sosafe phishing button]	Keyword	DE-BSI	EDR	Ad group	Exact match
[hacker opsec]	Keyword	DE-BSI	EDR	Ad group	Exact match
[lab investigating a malware exploit]	Keyword	DE-BSI	EDR	Ad group	Exact match
[azure keyvault secrets]	Keyword	DE-BSI	EDR	Ad group	Exact match
[osintleak com]	Keyword	DE-BSI	EDR	Ad group	Exact match
[downloading virus on pc]	Keyword	DE-BSI	EDR	Ad group	Exact match
[hacking matters]	Keyword	DE-BSI	EDR	Ad group	Exact match
[cybersecurity summit hamburg]	Keyword	DE-BSI	EDR	Ad group	Exact match
[testing malware on phone]	Keyword	DE-BSI	EDR	Ad group	Exact match
[iobit malware fighter 12 pro key 2025]	Keyword	DE-BSI	EDR	Ad group	Exact match
[bunkerweb alternative]	Keyword	DE-BSI	EDR	Ad group	Exact match
[foss backstage]	Keyword	DE-BSI	EDR	Ad group	Exact match
[nat slipstreaming]	Keyword	DE-BSI	EDR	Ad group	Exact match
[antivirus programm runterladen kostenlos]	Keyword	DE-BSI	EDR	Ad group	Exact match
[hackerinthehouse]	Keyword	DE-BSI	EDR	Ad group	Exact match
[malware on github]	Keyword	DE-BSI	EDR	Ad group	Exact match
[verschlüsselungs algorithmen]	Keyword	DE-BSI	EDR	Ad group	Exact match
[marcant voll]	Keyword	DE-BSI	EDR	Ad group	Exact match
[freeipa ansible]	Keyword	DE-BSI	EDR	Ad group	Exact match
[acme protokoll]	Keyword	DE-BSI	EDR	Ad group	Exact match
[be solid t o p]	Keyword	DE-BSI	EDR	Ad group	Exact match
[burp boi]	Keyword	DE-BSI	EDR	Ad group	Exact match
[cisco ftd cli]	Keyword	DE-BSI	EDR	Ad group	Exact match
[fortios 7.4 9]	Keyword	DE-BSI	EDR	Ad group	Exact match
[ftps palo alto]	Keyword	DE-BSI	EDR	Ad group	Exact match
[huntrix harmony]	Keyword	DE-BSI	EDR	Ad group	Exact match
[palo alto telemetry troubleshooting]	Keyword	DE-BSI	EDR	Ad group	Exact match
[nixos selinux]	Keyword	DE-BSI	EDR	Ad group	Exact match
[how to remove a rat from your computer]	Keyword	DE-BSI	EDR	Ad group	Exact match
[alternative to Palo Alto Networks]	Keyword	DE-BSI	--	Campaign	Exact match
[Palo Alto alternative]	Keyword	DE-BSI	--	Campaign	Exact match
[Trend Micro alternative]	Keyword	DE-BSI	--	Campaign	Exact match
Cybereason	Keyword	DE-BSI	--	Campaign	Broad match
Kaspersky	Keyword	DE-BSI	--	Campaign	Broad match
[Palo Alto Networks vs]	Keyword	DE-BSI	--	Campaign	Exact match
[alternative to CrowdStrike]	Keyword	DE-BSI	--	Campaign	Exact match
[alternative to Trelix]	Keyword	DE-BSI	--	Campaign	Exact match
[alternative to Kaspersky]	Keyword	DE-BSI	--	Campaign	Exact match
Palo Alto Networks	Keyword	DE-BSI	--	Campaign	Broad match
Trelix	Keyword	DE-BSI	--	Campaign	Broad match
Bitdefender	Keyword	DE-BSI	--	Campaign	Broad match
[Trelix vs]	Keyword	DE-BSI	--	Campaign	Exact match
[Cybereason alternative]	Keyword	DE-BSI	--	Campaign	Exact match
[alternative to Palo Alto]	Keyword	DE-BSI	--	Campaign	Exact match
[Palo Alto Networks alternative]	Keyword	DE-BSI	--	Campaign	Exact match
[Cybereason vs]	Keyword	DE-BSI	--	Campaign	Exact match
[CrowdStrike alternative]	Keyword	DE-BSI	--	Campaign	Exact match
Trend Micro	Keyword	DE-BSI	--	Campaign	Broad match